asset_id,chain_id,market_address,underlying_address,pool_comptroller,can_be_collateral_current,collateral_factor_current,retrieved_at_utc,source_url,historical_eligibility
crypto_bch,56,0x5F0388EBc2B94FA8E123F404b79cCF5f40b29176,0x8fF795a6F4D97E7887C79beA79aba5cc76444aDf,0xfD36E2c2a6789Db23113685031d7F16329158384,False,0.0,2026-09-14T17:46:14.872838+00:00,https://api.venus.io/markets?chainId=56&limit=100&page=0,unverified
crypto_ada,56,0x9A0AF7FDb2065Ce470D72664DE73cAE409dA28Ec,0x3EE2200Efb3400fAbB9AacF31297cBdD1d435D47,0xfD36E2c2a6789Db23113685031d7F16329158384,False,0.0,2026-09-14T17:46:14.872838+00:00,https://api.venus.io/markets?chainId=56&limit=100&page=0,unverified
crypto_link,56,0x650b940a1033B8A1b1873f78730FcFC73ec11f1f,0xF8A0BF9cF54Bb92F17374d9e9A321E6a111a51bD,0xfD36E2c2a6789Db23113685031d7F16329158384,False,0.0,2026-09-14T17:46:14.872838+00:00,https://api.venus.io/markets?chainId=56&limit=100&page=0,unverified
crypto_doge,56,0xec3422Ef92B2fb59e84c8B02Ba73F1fE84Ed8D71,0xbA2aE424d960c26247Dd6c32edC70B295c744C43,0xfD36E2c2a6789Db23113685031d7F16329158384,False,0.0,2026-09-14T17:46:14.872838+00:00,https://api.venus.io/markets?chainId=56&limit=100&page=0,unverified
crypto_ltc,56,0x57A5297F2cB2c0AaC9D554660acd6D385Ab50c6B,0x4338665CBB7B2485A8855A139b75D5e34AB0DB94,0xfD36E2c2a6789Db23113685031d7F16329158384,False,0.0,2026-09-14T17:46:14.872838+00:00,https://api.venus.io/markets?chainId=56&limit=100&page=0,unverified
crypto_sol,56,0xBf515bA4D1b52FFdCeaBF20d31D705Ce789F2cEC,0x570A5D26f7765Ecb712C0924E4De545B89fD43dF,0xfD36E2c2a6789Db23113685031d7F16329158384,True,0.65,2026-09-14T17:46:14.872838+00:00,https://api.venus.io/markets?chainId=56&limit=100&page=0,unverified
crypto_trx,56,0x836beb2cB723C498136e1119248436A645845F4E,0xCE7de646e7208a4Ef112cb6ed5038FA6cC6b12e3,0x23b4404E4E5eC5FF5a6FFb70B7d14E3FabF237B0,True,0.0,2026-09-14T17:46:14.872838+00:00,https://api.venus.io/markets?chainId=56&limit=100&page=0,unverified
crypto_trx,56,0xC5D3466aA484B040eE977073fcF337f2c00071c1,0xCE7de646e7208a4Ef112cb6ed5038FA6cC6b12e3,0xfD36E2c2a6789Db23113685031d7F16329158384,False,0.0,2026-09-14T17:46:14.872838+00:00,https://api.venus.io/markets?chainId=56&limit=100&page=0,unverified
crypto_trx,56,0x61eDcFe8Dd6bA3c891CB9bEc2dc7657B3B422E93,0x85EAC5Ac2F758618dFa09bDbe0cf174e7d574D5B,0xfD36E2c2a6789Db23113685031d7F16329158384,False,0.0,2026-09-14T17:46:14.872838+00:00,https://api.venus.io/markets?chainId=56&limit=100&page=0,unverified
crypto_xrp,56,0xB248a295732e0225acd3337607cc01068e3b9c10,0x1D2F0da169ceB9fC7B3144628dB156f3F6c60dBE,0xfD36E2c2a6789Db23113685031d7F16329158384,True,0.5,2026-09-14T17:46:14.872838+00:00,https://api.venus.io/markets?chainId=56&limit=100&page=0,unverified
