asset_id,code,review_note,reviewer_rationale,reviewer_source_url,reviewer_value
crypto_ada,VA_GAS,"Score independently. Do not consult the coder's value, source, or rationale.",,,
crypto_ada,VA_STAKE,"Score independently. Do not consult the coder's value, source, or rationale.",,,
crypto_ada,VA_SCARCITY,"Score independently. Do not consult the coder's value, source, or rationale.",,,
crypto_ada,VA_BURN,"Score independently. Do not consult the coder's value, source, or rationale.",,,
crypto_ada,VA_PROTOCOL,"Score independently. Do not consult the coder's value, source, or rationale.",,,
crypto_avax,VA_GAS,"Score independently. Do not consult the coder's value, source, or rationale.",,,
crypto_avax,VA_STAKE,"Score independently. Do not consult the coder's value, source, or rationale.",,,
crypto_avax,VA_SCARCITY,"Score independently. Do not consult the coder's value, source, or rationale.",,,
crypto_avax,VA_BURN,"Score independently. Do not consult the coder's value, source, or rationale.",,,
crypto_avax,VA_PROTOCOL,"Score independently. Do not consult the coder's value, source, or rationale.",,,
crypto_bch,VA_GAS,"Score independently. Do not consult the coder's value, source, or rationale.",,,
crypto_bch,VA_STAKE,"Score independently. Do not consult the coder's value, source, or rationale.",,,
crypto_bch,VA_SCARCITY,"Score independently. Do not consult the coder's value, source, or rationale.",,,
crypto_bch,VA_BURN,"Score independently. Do not consult the coder's value, source, or rationale.",,,
crypto_bch,VA_PROTOCOL,"Score independently. Do not consult the coder's value, source, or rationale.",,,
crypto_doge,VA_GAS,"Score independently. Do not consult the coder's value, source, or rationale.",,,
crypto_doge,VA_STAKE,"Score independently. Do not consult the coder's value, source, or rationale.",,,
crypto_doge,VA_SCARCITY,"Score independently. Do not consult the coder's value, source, or rationale.",,,
crypto_doge,VA_BURN,"Score independently. Do not consult the coder's value, source, or rationale.",,,
crypto_doge,VA_PROTOCOL,"Score independently. Do not consult the coder's value, source, or rationale.",,,
crypto_hbar,VA_GAS,"Score independently. Do not consult the coder's value, source, or rationale.",,,
crypto_hbar,VA_STAKE,"Score independently. Do not consult the coder's value, source, or rationale.",,,
crypto_hbar,VA_SCARCITY,"Score independently. Do not consult the coder's value, source, or rationale.",,,
crypto_hbar,VA_BURN,"Score independently. Do not consult the coder's value, source, or rationale.",,,
crypto_hbar,VA_PROTOCOL,"Score independently. Do not consult the coder's value, source, or rationale.",,,
crypto_link,VA_GAS,"Score independently. Do not consult the coder's value, source, or rationale.",,,
crypto_link,VA_STAKE,"Score independently. Do not consult the coder's value, source, or rationale.",,,
crypto_link,VA_SCARCITY,"Score independently. Do not consult the coder's value, source, or rationale.",,,
crypto_link,VA_BURN,"Score independently. Do not consult the coder's value, source, or rationale.",,,
crypto_link,VA_PROTOCOL,"Score independently. Do not consult the coder's value, source, or rationale.",,,
crypto_ltc,VA_GAS,"Score independently. Do not consult the coder's value, source, or rationale.",,,
crypto_ltc,VA_STAKE,"Score independently. Do not consult the coder's value, source, or rationale.",,,
crypto_ltc,VA_SCARCITY,"Score independently. Do not consult the coder's value, source, or rationale.",,,
crypto_ltc,VA_BURN,"Score independently. Do not consult the coder's value, source, or rationale.",,,
crypto_ltc,VA_PROTOCOL,"Score independently. Do not consult the coder's value, source, or rationale.",,,
crypto_op,VA_GAS,"Score independently. Do not consult the coder's value, source, or rationale.",,,
crypto_op,VA_STAKE,"Score independently. Do not consult the coder's value, source, or rationale.",,,
crypto_op,VA_SCARCITY,"Score independently. Do not consult the coder's value, source, or rationale.",,,
crypto_op,VA_BURN,"Score independently. Do not consult the coder's value, source, or rationale.",,,
crypto_op,VA_PROTOCOL,"Score independently. Do not consult the coder's value, source, or rationale.",,,
crypto_sol,VA_GAS,"Score independently. Do not consult the coder's value, source, or rationale.",,,
crypto_sol,VA_STAKE,"Score independently. Do not consult the coder's value, source, or rationale.",,,
crypto_sol,VA_SCARCITY,"Score independently. Do not consult the coder's value, source, or rationale.",,,
crypto_sol,VA_BURN,"Score independently. Do not consult the coder's value, source, or rationale.",,,
crypto_sol,VA_PROTOCOL,"Score independently. Do not consult the coder's value, source, or rationale.",,,
crypto_sui,VA_GAS,"Score independently. Do not consult the coder's value, source, or rationale.",,,
crypto_sui,VA_STAKE,"Score independently. Do not consult the coder's value, source, or rationale.",,,
crypto_sui,VA_SCARCITY,"Score independently. Do not consult the coder's value, source, or rationale.",,,
crypto_sui,VA_BURN,"Score independently. Do not consult the coder's value, source, or rationale.",,,
crypto_sui,VA_PROTOCOL,"Score independently. Do not consult the coder's value, source, or rationale.",,,
crypto_trx,VA_GAS,"Score independently. Do not consult the coder's value, source, or rationale.",,,
crypto_trx,VA_STAKE,"Score independently. Do not consult the coder's value, source, or rationale.",,,
crypto_trx,VA_SCARCITY,"Score independently. Do not consult the coder's value, source, or rationale.",,,
crypto_trx,VA_BURN,"Score independently. Do not consult the coder's value, source, or rationale.",,,
crypto_trx,VA_PROTOCOL,"Score independently. Do not consult the coder's value, source, or rationale.",,,
crypto_xlm,VA_GAS,"Score independently. Do not consult the coder's value, source, or rationale.",,,
crypto_xlm,VA_STAKE,"Score independently. Do not consult the coder's value, source, or rationale.",,,
crypto_xlm,VA_SCARCITY,"Score independently. Do not consult the coder's value, source, or rationale.",,,
crypto_xlm,VA_BURN,"Score independently. Do not consult the coder's value, source, or rationale.",,,
crypto_xlm,VA_PROTOCOL,"Score independently. Do not consult the coder's value, source, or rationale.",,,
crypto_xrp,VA_GAS,"Score independently. Do not consult the coder's value, source, or rationale.",,,
crypto_xrp,VA_STAKE,"Score independently. Do not consult the coder's value, source, or rationale.",,,
crypto_xrp,VA_SCARCITY,"Score independently. Do not consult the coder's value, source, or rationale.",,,
crypto_xrp,VA_BURN,"Score independently. Do not consult the coder's value, source, or rationale.",,,
crypto_xrp,VA_PROTOCOL,"Score independently. Do not consult the coder's value, source, or rationale.",,,
crypto_zec,VA_GAS,"Score independently. Do not consult the coder's value, source, or rationale.",,,
crypto_zec,VA_STAKE,"Score independently. Do not consult the coder's value, source, or rationale.",,,
crypto_zec,VA_SCARCITY,"Score independently. Do not consult the coder's value, source, or rationale.",,,
crypto_zec,VA_BURN,"Score independently. Do not consult the coder's value, source, or rationale.",,,
crypto_zec,VA_PROTOCOL,"Score independently. Do not consult the coder's value, source, or rationale.",,,
