asset_id,date,component,active_addresses,transaction_count,source_url,scope_note
crypto_avax,2026-05-25,avaxc,1156080.0,2801296.0,https://community-api.coinmetrics.io/v4/timeseries/asset-metrics?assets=avaxc&metrics=AdrActCnt%2CTxCnt&frequency=1d&start_time=2026-05-25&end_time=2026-08-22&page_size=10000,Avalanche C-chain component only. Do not sum active addresses across chains without a deduplication rule.
crypto_avax,2026-05-26,avaxc,1031700.0,2470553.0,https://community-api.coinmetrics.io/v4/timeseries/asset-metrics?assets=avaxc&metrics=AdrActCnt%2CTxCnt&frequency=1d&start_time=2026-05-25&end_time=2026-08-22&page_size=10000,Avalanche C-chain component only. Do not sum active addresses across chains without a deduplication rule.
crypto_avax,2026-05-27,avaxc,958174.0,2465878.0,https://community-api.coinmetrics.io/v4/timeseries/asset-metrics?assets=avaxc&metrics=AdrActCnt%2CTxCnt&frequency=1d&start_time=2026-05-25&end_time=2026-08-22&page_size=10000,Avalanche C-chain component only. Do not sum active addresses across chains without a deduplication rule.
crypto_avax,2026-05-28,avaxc,728106.0,2416500.0,https://community-api.coinmetrics.io/v4/timeseries/asset-metrics?assets=avaxc&metrics=AdrActCnt%2CTxCnt&frequency=1d&start_time=2026-05-25&end_time=2026-08-22&page_size=10000,Avalanche C-chain component only. Do not sum active addresses across chains without a deduplication rule.
crypto_avax,2026-05-29,avaxc,757784.0,2616953.0,https://community-api.coinmetrics.io/v4/timeseries/asset-metrics?assets=avaxc&metrics=AdrActCnt%2CTxCnt&frequency=1d&start_time=2026-05-25&end_time=2026-08-22&page_size=10000,Avalanche C-chain component only. Do not sum active addresses across chains without a deduplication rule.
crypto_avax,2026-05-30,avaxc,725843.0,1737164.0,https://community-api.coinmetrics.io/v4/timeseries/asset-metrics?assets=avaxc&metrics=AdrActCnt%2CTxCnt&frequency=1d&start_time=2026-05-25&end_time=2026-08-22&page_size=10000,Avalanche C-chain component only. Do not sum active addresses across chains without a deduplication rule.
crypto_avax,2026-05-31,avaxc,829415.0,1962305.0,https://community-api.coinmetrics.io/v4/timeseries/asset-metrics?assets=avaxc&metrics=AdrActCnt%2CTxCnt&frequency=1d&start_time=2026-05-25&end_time=2026-08-22&page_size=10000,Avalanche C-chain component only. Do not sum active addresses across chains without a deduplication rule.
crypto_avax,2026-06-01,avaxc,811670.0,1447974.0,https://community-api.coinmetrics.io/v4/timeseries/asset-metrics?assets=avaxc&metrics=AdrActCnt%2CTxCnt&frequency=1d&start_time=2026-05-25&end_time=2026-08-22&page_size=10000,Avalanche C-chain component only. Do not sum active addresses across chains without a deduplication rule.
crypto_avax,2026-06-02,avaxc,756658.0,1779325.0,https://community-api.coinmetrics.io/v4/timeseries/asset-metrics?assets=avaxc&metrics=AdrActCnt%2CTxCnt&frequency=1d&start_time=2026-05-25&end_time=2026-08-22&page_size=10000,Avalanche C-chain component only. Do not sum active addresses across chains without a deduplication rule.
crypto_avax,2026-06-03,avaxc,626721.0,2096381.0,https://community-api.coinmetrics.io/v4/timeseries/asset-metrics?assets=avaxc&metrics=AdrActCnt%2CTxCnt&frequency=1d&start_time=2026-05-25&end_time=2026-08-22&page_size=10000,Avalanche C-chain component only. Do not sum active addresses across chains without a deduplication rule.
crypto_avax,2026-06-04,avaxc,835353.0,2533417.0,https://community-api.coinmetrics.io/v4/timeseries/asset-metrics?assets=avaxc&metrics=AdrActCnt%2CTxCnt&frequency=1d&start_time=2026-05-25&end_time=2026-08-22&page_size=10000,Avalanche C-chain component only. Do not sum active addresses across chains without a deduplication rule.
crypto_avax,2026-06-05,avaxc,664190.0,2333379.0,https://community-api.coinmetrics.io/v4/timeseries/asset-metrics?assets=avaxc&metrics=AdrActCnt%2CTxCnt&frequency=1d&start_time=2026-05-25&end_time=2026-08-22&page_size=10000,Avalanche C-chain component only. Do not sum active addresses across chains without a deduplication rule.
crypto_avax,2026-06-06,avaxc,764813.0,2517712.0,https://community-api.coinmetrics.io/v4/timeseries/asset-metrics?assets=avaxc&metrics=AdrActCnt%2CTxCnt&frequency=1d&start_time=2026-05-25&end_time=2026-08-22&page_size=10000,Avalanche C-chain component only. Do not sum active addresses across chains without a deduplication rule.
crypto_avax,2026-06-07,avaxc,628809.0,2226275.0,https://community-api.coinmetrics.io/v4/timeseries/asset-metrics?assets=avaxc&metrics=AdrActCnt%2CTxCnt&frequency=1d&start_time=2026-05-25&end_time=2026-08-22&page_size=10000,Avalanche C-chain component only. Do not sum active addresses across chains without a deduplication rule.
crypto_avax,2026-06-08,avaxc,744734.0,2671477.0,https://community-api.coinmetrics.io/v4/timeseries/asset-metrics?assets=avaxc&metrics=AdrActCnt%2CTxCnt&frequency=1d&start_time=2026-05-25&end_time=2026-08-22&page_size=10000,Avalanche C-chain component only. Do not sum active addresses across chains without a deduplication rule.
crypto_avax,2026-06-09,avaxc,604306.0,2688674.0,https://community-api.coinmetrics.io/v4/timeseries/asset-metrics?assets=avaxc&metrics=AdrActCnt%2CTxCnt&frequency=1d&start_time=2026-05-25&end_time=2026-08-22&page_size=10000,Avalanche C-chain component only. Do not sum active addresses across chains without a deduplication rule.
crypto_avax,2026-06-10,avaxc,803644.0,2808027.0,https://community-api.coinmetrics.io/v4/timeseries/asset-metrics?assets=avaxc&metrics=AdrActCnt%2CTxCnt&frequency=1d&start_time=2026-05-25&end_time=2026-08-22&page_size=10000,Avalanche C-chain component only. Do not sum active addresses across chains without a deduplication rule.
crypto_avax,2026-06-11,avaxc,583806.0,2280143.0,https://community-api.coinmetrics.io/v4/timeseries/asset-metrics?assets=avaxc&metrics=AdrActCnt%2CTxCnt&frequency=1d&start_time=2026-05-25&end_time=2026-08-22&page_size=10000,Avalanche C-chain component only. Do not sum active addresses across chains without a deduplication rule.
crypto_avax,2026-06-12,avaxc,828054.0,2250028.0,https://community-api.coinmetrics.io/v4/timeseries/asset-metrics?assets=avaxc&metrics=AdrActCnt%2CTxCnt&frequency=1d&start_time=2026-05-25&end_time=2026-08-22&page_size=10000,Avalanche C-chain component only. Do not sum active addresses across chains without a deduplication rule.
crypto_avax,2026-06-13,avaxc,641720.0,2280960.0,https://community-api.coinmetrics.io/v4/timeseries/asset-metrics?assets=avaxc&metrics=AdrActCnt%2CTxCnt&frequency=1d&start_time=2026-05-25&end_time=2026-08-22&page_size=10000,Avalanche C-chain component only. Do not sum active addresses across chains without a deduplication rule.
crypto_avax,2026-06-14,avaxc,782196.0,2462949.0,https://community-api.coinmetrics.io/v4/timeseries/asset-metrics?assets=avaxc&metrics=AdrActCnt%2CTxCnt&frequency=1d&start_time=2026-05-25&end_time=2026-08-22&page_size=10000,Avalanche C-chain component only. Do not sum active addresses across chains without a deduplication rule.
crypto_avax,2026-06-15,avaxc,601084.0,2135800.0,https://community-api.coinmetrics.io/v4/timeseries/asset-metrics?assets=avaxc&metrics=AdrActCnt%2CTxCnt&frequency=1d&start_time=2026-05-25&end_time=2026-08-22&page_size=10000,Avalanche C-chain component only. Do not sum active addresses across chains without a deduplication rule.
crypto_avax,2026-06-16,avaxc,783848.0,2522903.0,https://community-api.coinmetrics.io/v4/timeseries/asset-metrics?assets=avaxc&metrics=AdrActCnt%2CTxCnt&frequency=1d&start_time=2026-05-25&end_time=2026-08-22&page_size=10000,Avalanche C-chain component only. Do not sum active addresses across chains without a deduplication rule.
crypto_avax,2026-06-17,avaxc,552562.0,2351986.0,https://community-api.coinmetrics.io/v4/timeseries/asset-metrics?assets=avaxc&metrics=AdrActCnt%2CTxCnt&frequency=1d&start_time=2026-05-25&end_time=2026-08-22&page_size=10000,Avalanche C-chain component only. Do not sum active addresses across chains without a deduplication rule.
crypto_avax,2026-06-18,avaxc,729126.0,2567831.0,https://community-api.coinmetrics.io/v4/timeseries/asset-metrics?assets=avaxc&metrics=AdrActCnt%2CTxCnt&frequency=1d&start_time=2026-05-25&end_time=2026-08-22&page_size=10000,Avalanche C-chain component only. Do not sum active addresses across chains without a deduplication rule.
crypto_avax,2026-06-19,avaxc,559210.0,2423800.0,https://community-api.coinmetrics.io/v4/timeseries/asset-metrics?assets=avaxc&metrics=AdrActCnt%2CTxCnt&frequency=1d&start_time=2026-05-25&end_time=2026-08-22&page_size=10000,Avalanche C-chain component only. Do not sum active addresses across chains without a deduplication rule.
crypto_avax,2026-06-20,avaxc,752404.0,2113396.0,https://community-api.coinmetrics.io/v4/timeseries/asset-metrics?assets=avaxc&metrics=AdrActCnt%2CTxCnt&frequency=1d&start_time=2026-05-25&end_time=2026-08-22&page_size=10000,Avalanche C-chain component only. Do not sum active addresses across chains without a deduplication rule.
crypto_avax,2026-06-21,avaxc,575782.0,2011699.0,https://community-api.coinmetrics.io/v4/timeseries/asset-metrics?assets=avaxc&metrics=AdrActCnt%2CTxCnt&frequency=1d&start_time=2026-05-25&end_time=2026-08-22&page_size=10000,Avalanche C-chain component only. Do not sum active addresses across chains without a deduplication rule.
crypto_avax,2026-06-22,avaxc,764815.0,2376235.0,https://community-api.coinmetrics.io/v4/timeseries/asset-metrics?assets=avaxc&metrics=AdrActCnt%2CTxCnt&frequency=1d&start_time=2026-05-25&end_time=2026-08-22&page_size=10000,Avalanche C-chain component only. Do not sum active addresses across chains without a deduplication rule.
crypto_avax,2026-06-23,avaxc,602802.0,2864410.0,https://community-api.coinmetrics.io/v4/timeseries/asset-metrics?assets=avaxc&metrics=AdrActCnt%2CTxCnt&frequency=1d&start_time=2026-05-25&end_time=2026-08-22&page_size=10000,Avalanche C-chain component only. Do not sum active addresses across chains without a deduplication rule.
crypto_avax,2026-06-24,avaxc,690013.0,2884671.0,https://community-api.coinmetrics.io/v4/timeseries/asset-metrics?assets=avaxc&metrics=AdrActCnt%2CTxCnt&frequency=1d&start_time=2026-05-25&end_time=2026-08-22&page_size=10000,Avalanche C-chain component only. Do not sum active addresses across chains without a deduplication rule.
crypto_avax,2026-06-25,avaxc,618014.0,2950095.0,https://community-api.coinmetrics.io/v4/timeseries/asset-metrics?assets=avaxc&metrics=AdrActCnt%2CTxCnt&frequency=1d&start_time=2026-05-25&end_time=2026-08-22&page_size=10000,Avalanche C-chain component only. Do not sum active addresses across chains without a deduplication rule.
crypto_avax,2026-06-26,avaxc,688840.0,3612263.0,https://community-api.coinmetrics.io/v4/timeseries/asset-metrics?assets=avaxc&metrics=AdrActCnt%2CTxCnt&frequency=1d&start_time=2026-05-25&end_time=2026-08-22&page_size=10000,Avalanche C-chain component only. Do not sum active addresses across chains without a deduplication rule.
crypto_avax,2026-06-27,avaxc,579168.0,3473646.0,https://community-api.coinmetrics.io/v4/timeseries/asset-metrics?assets=avaxc&metrics=AdrActCnt%2CTxCnt&frequency=1d&start_time=2026-05-25&end_time=2026-08-22&page_size=10000,Avalanche C-chain component only. Do not sum active addresses across chains without a deduplication rule.
crypto_avax,2026-06-28,avaxc,685885.0,3450112.0,https://community-api.coinmetrics.io/v4/timeseries/asset-metrics?assets=avaxc&metrics=AdrActCnt%2CTxCnt&frequency=1d&start_time=2026-05-25&end_time=2026-08-22&page_size=10000,Avalanche C-chain component only. Do not sum active addresses across chains without a deduplication rule.
crypto_avax,2026-06-29,avaxc,607017.0,3272737.0,https://community-api.coinmetrics.io/v4/timeseries/asset-metrics?assets=avaxc&metrics=AdrActCnt%2CTxCnt&frequency=1d&start_time=2026-05-25&end_time=2026-08-22&page_size=10000,Avalanche C-chain component only. Do not sum active addresses across chains without a deduplication rule.
crypto_avax,2026-06-30,avaxc,687327.0,3308922.0,https://community-api.coinmetrics.io/v4/timeseries/asset-metrics?assets=avaxc&metrics=AdrActCnt%2CTxCnt&frequency=1d&start_time=2026-05-25&end_time=2026-08-22&page_size=10000,Avalanche C-chain component only. Do not sum active addresses across chains without a deduplication rule.
crypto_avax,2026-07-01,avaxc,647153.0,3218675.0,https://community-api.coinmetrics.io/v4/timeseries/asset-metrics?assets=avaxc&metrics=AdrActCnt%2CTxCnt&frequency=1d&start_time=2026-05-25&end_time=2026-08-22&page_size=10000,Avalanche C-chain component only. Do not sum active addresses across chains without a deduplication rule.
crypto_avax,2026-07-02,avaxc,487040.0,2904707.0,https://community-api.coinmetrics.io/v4/timeseries/asset-metrics?assets=avaxc&metrics=AdrActCnt%2CTxCnt&frequency=1d&start_time=2026-05-25&end_time=2026-08-22&page_size=10000,Avalanche C-chain component only. Do not sum active addresses across chains without a deduplication rule.
crypto_avax,2026-07-03,avaxc,778438.0,3426134.0,https://community-api.coinmetrics.io/v4/timeseries/asset-metrics?assets=avaxc&metrics=AdrActCnt%2CTxCnt&frequency=1d&start_time=2026-05-25&end_time=2026-08-22&page_size=10000,Avalanche C-chain component only. Do not sum active addresses across chains without a deduplication rule.
crypto_avax,2026-07-04,avaxc,507709.0,3748706.0,https://community-api.coinmetrics.io/v4/timeseries/asset-metrics?assets=avaxc&metrics=AdrActCnt%2CTxCnt&frequency=1d&start_time=2026-05-25&end_time=2026-08-22&page_size=10000,Avalanche C-chain component only. Do not sum active addresses across chains without a deduplication rule.
crypto_avax,2026-07-05,avaxc,862988.0,3868256.0,https://community-api.coinmetrics.io/v4/timeseries/asset-metrics?assets=avaxc&metrics=AdrActCnt%2CTxCnt&frequency=1d&start_time=2026-05-25&end_time=2026-08-22&page_size=10000,Avalanche C-chain component only. Do not sum active addresses across chains without a deduplication rule.
crypto_avax,2026-07-06,avaxc,517754.0,4060022.0,https://community-api.coinmetrics.io/v4/timeseries/asset-metrics?assets=avaxc&metrics=AdrActCnt%2CTxCnt&frequency=1d&start_time=2026-05-25&end_time=2026-08-22&page_size=10000,Avalanche C-chain component only. Do not sum active addresses across chains without a deduplication rule.
crypto_avax,2026-07-07,avaxc,757714.0,3972476.0,https://community-api.coinmetrics.io/v4/timeseries/asset-metrics?assets=avaxc&metrics=AdrActCnt%2CTxCnt&frequency=1d&start_time=2026-05-25&end_time=2026-08-22&page_size=10000,Avalanche C-chain component only. Do not sum active addresses across chains without a deduplication rule.
crypto_avax,2026-07-08,avaxc,510916.0,3503609.0,https://community-api.coinmetrics.io/v4/timeseries/asset-metrics?assets=avaxc&metrics=AdrActCnt%2CTxCnt&frequency=1d&start_time=2026-05-25&end_time=2026-08-22&page_size=10000,Avalanche C-chain component only. Do not sum active addresses across chains without a deduplication rule.
crypto_avax,2026-07-09,avaxc,772463.0,3628561.0,https://community-api.coinmetrics.io/v4/timeseries/asset-metrics?assets=avaxc&metrics=AdrActCnt%2CTxCnt&frequency=1d&start_time=2026-05-25&end_time=2026-08-22&page_size=10000,Avalanche C-chain component only. Do not sum active addresses across chains without a deduplication rule.
crypto_avax,2026-07-10,avaxc,525098.0,3302367.0,https://community-api.coinmetrics.io/v4/timeseries/asset-metrics?assets=avaxc&metrics=AdrActCnt%2CTxCnt&frequency=1d&start_time=2026-05-25&end_time=2026-08-22&page_size=10000,Avalanche C-chain component only. Do not sum active addresses across chains without a deduplication rule.
crypto_avax,2026-07-11,avaxc,751612.0,3657219.0,https://community-api.coinmetrics.io/v4/timeseries/asset-metrics?assets=avaxc&metrics=AdrActCnt%2CTxCnt&frequency=1d&start_time=2026-05-25&end_time=2026-08-22&page_size=10000,Avalanche C-chain component only. Do not sum active addresses across chains without a deduplication rule.
crypto_avax,2026-07-12,avaxc,515385.0,2900712.0,https://community-api.coinmetrics.io/v4/timeseries/asset-metrics?assets=avaxc&metrics=AdrActCnt%2CTxCnt&frequency=1d&start_time=2026-05-25&end_time=2026-08-22&page_size=10000,Avalanche C-chain component only. Do not sum active addresses across chains without a deduplication rule.
crypto_avax,2026-07-13,avaxc,533499.0,3083343.0,https://community-api.coinmetrics.io/v4/timeseries/asset-metrics?assets=avaxc&metrics=AdrActCnt%2CTxCnt&frequency=1d&start_time=2026-05-25&end_time=2026-08-22&page_size=10000,Avalanche C-chain component only. Do not sum active addresses across chains without a deduplication rule.
crypto_avax,2026-07-14,avaxc,31145.0,2613336.0,https://community-api.coinmetrics.io/v4/timeseries/asset-metrics?assets=avaxc&metrics=AdrActCnt%2CTxCnt&frequency=1d&start_time=2026-05-25&end_time=2026-08-22&page_size=10000,Avalanche C-chain component only. Do not sum active addresses across chains without a deduplication rule.
crypto_avax,2026-07-15,avaxc,55068.0,2296480.0,https://community-api.coinmetrics.io/v4/timeseries/asset-metrics?assets=avaxc&metrics=AdrActCnt%2CTxCnt&frequency=1d&start_time=2026-05-25&end_time=2026-08-22&page_size=10000,Avalanche C-chain component only. Do not sum active addresses across chains without a deduplication rule.
crypto_avax,2026-07-16,avaxc,43289.0,2779595.0,https://community-api.coinmetrics.io/v4/timeseries/asset-metrics?assets=avaxc&metrics=AdrActCnt%2CTxCnt&frequency=1d&start_time=2026-05-25&end_time=2026-08-22&page_size=10000,Avalanche C-chain component only. Do not sum active addresses across chains without a deduplication rule.
crypto_avax,2026-07-17,avaxc,44635.0,2893673.0,https://community-api.coinmetrics.io/v4/timeseries/asset-metrics?assets=avaxc&metrics=AdrActCnt%2CTxCnt&frequency=1d&start_time=2026-05-25&end_time=2026-08-22&page_size=10000,Avalanche C-chain component only. Do not sum active addresses across chains without a deduplication rule.
crypto_avax,2026-07-18,avaxc,33922.0,2620066.0,https://community-api.coinmetrics.io/v4/timeseries/asset-metrics?assets=avaxc&metrics=AdrActCnt%2CTxCnt&frequency=1d&start_time=2026-05-25&end_time=2026-08-22&page_size=10000,Avalanche C-chain component only. Do not sum active addresses across chains without a deduplication rule.
crypto_avax,2026-07-19,avaxc,57628.0,2376192.0,https://community-api.coinmetrics.io/v4/timeseries/asset-metrics?assets=avaxc&metrics=AdrActCnt%2CTxCnt&frequency=1d&start_time=2026-05-25&end_time=2026-08-22&page_size=10000,Avalanche C-chain component only. Do not sum active addresses across chains without a deduplication rule.
crypto_avax,2026-07-20,avaxc,78658.0,2356463.0,https://community-api.coinmetrics.io/v4/timeseries/asset-metrics?assets=avaxc&metrics=AdrActCnt%2CTxCnt&frequency=1d&start_time=2026-05-25&end_time=2026-08-22&page_size=10000,Avalanche C-chain component only. Do not sum active addresses across chains without a deduplication rule.
crypto_avax,2026-07-21,avaxc,102744.0,2164651.0,https://community-api.coinmetrics.io/v4/timeseries/asset-metrics?assets=avaxc&metrics=AdrActCnt%2CTxCnt&frequency=1d&start_time=2026-05-25&end_time=2026-08-22&page_size=10000,Avalanche C-chain component only. Do not sum active addresses across chains without a deduplication rule.
crypto_avax,2026-07-22,avaxc,39129.0,2185091.0,https://community-api.coinmetrics.io/v4/timeseries/asset-metrics?assets=avaxc&metrics=AdrActCnt%2CTxCnt&frequency=1d&start_time=2026-05-25&end_time=2026-08-22&page_size=10000,Avalanche C-chain component only. Do not sum active addresses across chains without a deduplication rule.
crypto_avax,2026-07-23,avaxc,36692.0,2253448.0,https://community-api.coinmetrics.io/v4/timeseries/asset-metrics?assets=avaxc&metrics=AdrActCnt%2CTxCnt&frequency=1d&start_time=2026-05-25&end_time=2026-08-22&page_size=10000,Avalanche C-chain component only. Do not sum active addresses across chains without a deduplication rule.
crypto_avax,2026-07-24,avaxc,72217.0,2416986.0,https://community-api.coinmetrics.io/v4/timeseries/asset-metrics?assets=avaxc&metrics=AdrActCnt%2CTxCnt&frequency=1d&start_time=2026-05-25&end_time=2026-08-22&page_size=10000,Avalanche C-chain component only. Do not sum active addresses across chains without a deduplication rule.
crypto_avax,2026-07-25,avaxc,275318.0,2629443.0,https://community-api.coinmetrics.io/v4/timeseries/asset-metrics?assets=avaxc&metrics=AdrActCnt%2CTxCnt&frequency=1d&start_time=2026-05-25&end_time=2026-08-22&page_size=10000,Avalanche C-chain component only. Do not sum active addresses across chains without a deduplication rule.
crypto_avax,2026-07-26,avaxc,536859.0,3628192.0,https://community-api.coinmetrics.io/v4/timeseries/asset-metrics?assets=avaxc&metrics=AdrActCnt%2CTxCnt&frequency=1d&start_time=2026-05-25&end_time=2026-08-22&page_size=10000,Avalanche C-chain component only. Do not sum active addresses across chains without a deduplication rule.
crypto_avax,2026-07-27,avaxc,556232.0,3303313.0,https://community-api.coinmetrics.io/v4/timeseries/asset-metrics?assets=avaxc&metrics=AdrActCnt%2CTxCnt&frequency=1d&start_time=2026-05-25&end_time=2026-08-22&page_size=10000,Avalanche C-chain component only. Do not sum active addresses across chains without a deduplication rule.
crypto_avax,2026-07-28,avaxc,69416.0,2853377.0,https://community-api.coinmetrics.io/v4/timeseries/asset-metrics?assets=avaxc&metrics=AdrActCnt%2CTxCnt&frequency=1d&start_time=2026-05-25&end_time=2026-08-22&page_size=10000,Avalanche C-chain component only. Do not sum active addresses across chains without a deduplication rule.
crypto_avax,2026-07-29,avaxc,119256.0,2312525.0,https://community-api.coinmetrics.io/v4/timeseries/asset-metrics?assets=avaxc&metrics=AdrActCnt%2CTxCnt&frequency=1d&start_time=2026-05-25&end_time=2026-08-22&page_size=10000,Avalanche C-chain component only. Do not sum active addresses across chains without a deduplication rule.
crypto_avax,2026-07-30,avaxc,85418.0,2404225.0,https://community-api.coinmetrics.io/v4/timeseries/asset-metrics?assets=avaxc&metrics=AdrActCnt%2CTxCnt&frequency=1d&start_time=2026-05-25&end_time=2026-08-22&page_size=10000,Avalanche C-chain component only. Do not sum active addresses across chains without a deduplication rule.
crypto_avax,2026-07-31,avaxc,60219.0,1821324.0,https://community-api.coinmetrics.io/v4/timeseries/asset-metrics?assets=avaxc&metrics=AdrActCnt%2CTxCnt&frequency=1d&start_time=2026-05-25&end_time=2026-08-22&page_size=10000,Avalanche C-chain component only. Do not sum active addresses across chains without a deduplication rule.
crypto_avax,2026-08-01,avaxc,116536.0,2324068.0,https://community-api.coinmetrics.io/v4/timeseries/asset-metrics?assets=avaxc&metrics=AdrActCnt%2CTxCnt&frequency=1d&start_time=2026-05-25&end_time=2026-08-22&page_size=10000,Avalanche C-chain component only. Do not sum active addresses across chains without a deduplication rule.
crypto_avax,2026-08-02,avaxc,54980.0,1381248.0,https://community-api.coinmetrics.io/v4/timeseries/asset-metrics?assets=avaxc&metrics=AdrActCnt%2CTxCnt&frequency=1d&start_time=2026-05-25&end_time=2026-08-22&page_size=10000,Avalanche C-chain component only. Do not sum active addresses across chains without a deduplication rule.
crypto_avax,2026-08-03,avaxc,52213.0,1237818.0,https://community-api.coinmetrics.io/v4/timeseries/asset-metrics?assets=avaxc&metrics=AdrActCnt%2CTxCnt&frequency=1d&start_time=2026-05-25&end_time=2026-08-22&page_size=10000,Avalanche C-chain component only. Do not sum active addresses across chains without a deduplication rule.
crypto_avax,2026-08-04,avaxc,43310.0,733259.0,https://community-api.coinmetrics.io/v4/timeseries/asset-metrics?assets=avaxc&metrics=AdrActCnt%2CTxCnt&frequency=1d&start_time=2026-05-25&end_time=2026-08-22&page_size=10000,Avalanche C-chain component only. Do not sum active addresses across chains without a deduplication rule.
crypto_avax,2026-08-05,avaxc,34864.0,821980.0,https://community-api.coinmetrics.io/v4/timeseries/asset-metrics?assets=avaxc&metrics=AdrActCnt%2CTxCnt&frequency=1d&start_time=2026-05-25&end_time=2026-08-22&page_size=10000,Avalanche C-chain component only. Do not sum active addresses across chains without a deduplication rule.
crypto_avax,2026-08-06,avaxc,69565.0,1160484.0,https://community-api.coinmetrics.io/v4/timeseries/asset-metrics?assets=avaxc&metrics=AdrActCnt%2CTxCnt&frequency=1d&start_time=2026-05-25&end_time=2026-08-22&page_size=10000,Avalanche C-chain component only. Do not sum active addresses across chains without a deduplication rule.
crypto_avax,2026-08-07,avaxc,61377.0,2562660.0,https://community-api.coinmetrics.io/v4/timeseries/asset-metrics?assets=avaxc&metrics=AdrActCnt%2CTxCnt&frequency=1d&start_time=2026-05-25&end_time=2026-08-22&page_size=10000,Avalanche C-chain component only. Do not sum active addresses across chains without a deduplication rule.
crypto_avax,2026-08-08,avaxc,303785.0,3367956.0,https://community-api.coinmetrics.io/v4/timeseries/asset-metrics?assets=avaxc&metrics=AdrActCnt%2CTxCnt&frequency=1d&start_time=2026-05-25&end_time=2026-08-22&page_size=10000,Avalanche C-chain component only. Do not sum active addresses across chains without a deduplication rule.
crypto_avax,2026-08-09,avaxc,531088.0,3909248.0,https://community-api.coinmetrics.io/v4/timeseries/asset-metrics?assets=avaxc&metrics=AdrActCnt%2CTxCnt&frequency=1d&start_time=2026-05-25&end_time=2026-08-22&page_size=10000,Avalanche C-chain component only. Do not sum active addresses across chains without a deduplication rule.
crypto_avax,2026-08-10,avaxc,573424.0,3720706.0,https://community-api.coinmetrics.io/v4/timeseries/asset-metrics?assets=avaxc&metrics=AdrActCnt%2CTxCnt&frequency=1d&start_time=2026-05-25&end_time=2026-08-22&page_size=10000,Avalanche C-chain component only. Do not sum active addresses across chains without a deduplication rule.
crypto_avax,2026-08-11,avaxc,101695.0,3372242.0,https://community-api.coinmetrics.io/v4/timeseries/asset-metrics?assets=avaxc&metrics=AdrActCnt%2CTxCnt&frequency=1d&start_time=2026-05-25&end_time=2026-08-22&page_size=10000,Avalanche C-chain component only. Do not sum active addresses across chains without a deduplication rule.
crypto_avax,2026-08-12,avaxc,44933.0,3371243.0,https://community-api.coinmetrics.io/v4/timeseries/asset-metrics?assets=avaxc&metrics=AdrActCnt%2CTxCnt&frequency=1d&start_time=2026-05-25&end_time=2026-08-22&page_size=10000,Avalanche C-chain component only. Do not sum active addresses across chains without a deduplication rule.
crypto_avax,2026-08-13,avaxc,80838.0,3444036.0,https://community-api.coinmetrics.io/v4/timeseries/asset-metrics?assets=avaxc&metrics=AdrActCnt%2CTxCnt&frequency=1d&start_time=2026-05-25&end_time=2026-08-22&page_size=10000,Avalanche C-chain component only. Do not sum active addresses across chains without a deduplication rule.
crypto_avax,2026-08-14,avaxc,91266.0,3072080.0,https://community-api.coinmetrics.io/v4/timeseries/asset-metrics?assets=avaxc&metrics=AdrActCnt%2CTxCnt&frequency=1d&start_time=2026-05-25&end_time=2026-08-22&page_size=10000,Avalanche C-chain component only. Do not sum active addresses across chains without a deduplication rule.
crypto_avax,2026-08-15,avaxc,59467.0,2876426.0,https://community-api.coinmetrics.io/v4/timeseries/asset-metrics?assets=avaxc&metrics=AdrActCnt%2CTxCnt&frequency=1d&start_time=2026-05-25&end_time=2026-08-22&page_size=10000,Avalanche C-chain component only. Do not sum active addresses across chains without a deduplication rule.
crypto_avax,2026-08-16,avaxc,82931.0,2775747.0,https://community-api.coinmetrics.io/v4/timeseries/asset-metrics?assets=avaxc&metrics=AdrActCnt%2CTxCnt&frequency=1d&start_time=2026-05-25&end_time=2026-08-22&page_size=10000,Avalanche C-chain component only. Do not sum active addresses across chains without a deduplication rule.
crypto_avax,2026-08-17,avaxc,46424.0,3219618.0,https://community-api.coinmetrics.io/v4/timeseries/asset-metrics?assets=avaxc&metrics=AdrActCnt%2CTxCnt&frequency=1d&start_time=2026-05-25&end_time=2026-08-22&page_size=10000,Avalanche C-chain component only. Do not sum active addresses across chains without a deduplication rule.
crypto_avax,2026-08-18,avaxc,70927.0,2832430.0,https://community-api.coinmetrics.io/v4/timeseries/asset-metrics?assets=avaxc&metrics=AdrActCnt%2CTxCnt&frequency=1d&start_time=2026-05-25&end_time=2026-08-22&page_size=10000,Avalanche C-chain component only. Do not sum active addresses across chains without a deduplication rule.
crypto_avax,2026-08-19,avaxc,154968.0,2325374.0,https://community-api.coinmetrics.io/v4/timeseries/asset-metrics?assets=avaxc&metrics=AdrActCnt%2CTxCnt&frequency=1d&start_time=2026-05-25&end_time=2026-08-22&page_size=10000,Avalanche C-chain component only. Do not sum active addresses across chains without a deduplication rule.
crypto_avax,2026-08-20,avaxc,146508.0,1160338.0,https://community-api.coinmetrics.io/v4/timeseries/asset-metrics?assets=avaxc&metrics=AdrActCnt%2CTxCnt&frequency=1d&start_time=2026-05-25&end_time=2026-08-22&page_size=10000,Avalanche C-chain component only. Do not sum active addresses across chains without a deduplication rule.
crypto_avax,2026-08-21,avaxc,164578.0,1067919.0,https://community-api.coinmetrics.io/v4/timeseries/asset-metrics?assets=avaxc&metrics=AdrActCnt%2CTxCnt&frequency=1d&start_time=2026-05-25&end_time=2026-08-22&page_size=10000,Avalanche C-chain component only. Do not sum active addresses across chains without a deduplication rule.
crypto_avax,2026-08-22,avaxc,442363.0,1052646.0,https://community-api.coinmetrics.io/v4/timeseries/asset-metrics?assets=avaxc&metrics=AdrActCnt%2CTxCnt&frequency=1d&start_time=2026-05-25&end_time=2026-08-22&page_size=10000,Avalanche C-chain component only. Do not sum active addresses across chains without a deduplication rule.
crypto_avax,2026-05-25,avaxp,277.0,2528.0,https://community-api.coinmetrics.io/v4/timeseries/asset-metrics?assets=avaxp&metrics=AdrActCnt%2CTxCnt&frequency=1d&start_time=2026-05-25&end_time=2026-08-22&page_size=10000,Avalanche P-chain component only. Do not sum active addresses across chains without a deduplication rule.
crypto_avax,2026-05-26,avaxp,194.0,2875.0,https://community-api.coinmetrics.io/v4/timeseries/asset-metrics?assets=avaxp&metrics=AdrActCnt%2CTxCnt&frequency=1d&start_time=2026-05-25&end_time=2026-08-22&page_size=10000,Avalanche P-chain component only. Do not sum active addresses across chains without a deduplication rule.
crypto_avax,2026-05-27,avaxp,218.0,2231.0,https://community-api.coinmetrics.io/v4/timeseries/asset-metrics?assets=avaxp&metrics=AdrActCnt%2CTxCnt&frequency=1d&start_time=2026-05-25&end_time=2026-08-22&page_size=10000,Avalanche P-chain component only. Do not sum active addresses across chains without a deduplication rule.
crypto_avax,2026-05-28,avaxp,267.0,2340.0,https://community-api.coinmetrics.io/v4/timeseries/asset-metrics?assets=avaxp&metrics=AdrActCnt%2CTxCnt&frequency=1d&start_time=2026-05-25&end_time=2026-08-22&page_size=10000,Avalanche P-chain component only. Do not sum active addresses across chains without a deduplication rule.
crypto_avax,2026-05-29,avaxp,167.0,2001.0,https://community-api.coinmetrics.io/v4/timeseries/asset-metrics?assets=avaxp&metrics=AdrActCnt%2CTxCnt&frequency=1d&start_time=2026-05-25&end_time=2026-08-22&page_size=10000,Avalanche P-chain component only. Do not sum active addresses across chains without a deduplication rule.
crypto_avax,2026-05-30,avaxp,279.0,2948.0,https://community-api.coinmetrics.io/v4/timeseries/asset-metrics?assets=avaxp&metrics=AdrActCnt%2CTxCnt&frequency=1d&start_time=2026-05-25&end_time=2026-08-22&page_size=10000,Avalanche P-chain component only. Do not sum active addresses across chains without a deduplication rule.
crypto_avax,2026-05-31,avaxp,383.0,3905.0,https://community-api.coinmetrics.io/v4/timeseries/asset-metrics?assets=avaxp&metrics=AdrActCnt%2CTxCnt&frequency=1d&start_time=2026-05-25&end_time=2026-08-22&page_size=10000,Avalanche P-chain component only. Do not sum active addresses across chains without a deduplication rule.
crypto_avax,2026-06-01,avaxp,379.0,4086.0,https://community-api.coinmetrics.io/v4/timeseries/asset-metrics?assets=avaxp&metrics=AdrActCnt%2CTxCnt&frequency=1d&start_time=2026-05-25&end_time=2026-08-22&page_size=10000,Avalanche P-chain component only. Do not sum active addresses across chains without a deduplication rule.
crypto_avax,2026-06-02,avaxp,278.0,3942.0,https://community-api.coinmetrics.io/v4/timeseries/asset-metrics?assets=avaxp&metrics=AdrActCnt%2CTxCnt&frequency=1d&start_time=2026-05-25&end_time=2026-08-22&page_size=10000,Avalanche P-chain component only. Do not sum active addresses across chains without a deduplication rule.
crypto_avax,2026-06-03,avaxp,223.0,3376.0,https://community-api.coinmetrics.io/v4/timeseries/asset-metrics?assets=avaxp&metrics=AdrActCnt%2CTxCnt&frequency=1d&start_time=2026-05-25&end_time=2026-08-22&page_size=10000,Avalanche P-chain component only. Do not sum active addresses across chains without a deduplication rule.
crypto_avax,2026-06-04,avaxp,260.0,3272.0,https://community-api.coinmetrics.io/v4/timeseries/asset-metrics?assets=avaxp&metrics=AdrActCnt%2CTxCnt&frequency=1d&start_time=2026-05-25&end_time=2026-08-22&page_size=10000,Avalanche P-chain component only. Do not sum active addresses across chains without a deduplication rule.
crypto_avax,2026-06-05,avaxp,241.0,3529.0,https://community-api.coinmetrics.io/v4/timeseries/asset-metrics?assets=avaxp&metrics=AdrActCnt%2CTxCnt&frequency=1d&start_time=2026-05-25&end_time=2026-08-22&page_size=10000,Avalanche P-chain component only. Do not sum active addresses across chains without a deduplication rule.
crypto_avax,2026-06-06,avaxp,246.0,3566.0,https://community-api.coinmetrics.io/v4/timeseries/asset-metrics?assets=avaxp&metrics=AdrActCnt%2CTxCnt&frequency=1d&start_time=2026-05-25&end_time=2026-08-22&page_size=10000,Avalanche P-chain component only. Do not sum active addresses across chains without a deduplication rule.
crypto_avax,2026-06-07,avaxp,219.0,2557.0,https://community-api.coinmetrics.io/v4/timeseries/asset-metrics?assets=avaxp&metrics=AdrActCnt%2CTxCnt&frequency=1d&start_time=2026-05-25&end_time=2026-08-22&page_size=10000,Avalanche P-chain component only. Do not sum active addresses across chains without a deduplication rule.
crypto_avax,2026-06-08,avaxp,248.0,2681.0,https://community-api.coinmetrics.io/v4/timeseries/asset-metrics?assets=avaxp&metrics=AdrActCnt%2CTxCnt&frequency=1d&start_time=2026-05-25&end_time=2026-08-22&page_size=10000,Avalanche P-chain component only. Do not sum active addresses across chains without a deduplication rule.
crypto_avax,2026-06-09,avaxp,176.0,2785.0,https://community-api.coinmetrics.io/v4/timeseries/asset-metrics?assets=avaxp&metrics=AdrActCnt%2CTxCnt&frequency=1d&start_time=2026-05-25&end_time=2026-08-22&page_size=10000,Avalanche P-chain component only. Do not sum active addresses across chains without a deduplication rule.
crypto_avax,2026-06-10,avaxp,186.0,2879.0,https://community-api.coinmetrics.io/v4/timeseries/asset-metrics?assets=avaxp&metrics=AdrActCnt%2CTxCnt&frequency=1d&start_time=2026-05-25&end_time=2026-08-22&page_size=10000,Avalanche P-chain component only. Do not sum active addresses across chains without a deduplication rule.
crypto_avax,2026-06-11,avaxp,229.0,2617.0,https://community-api.coinmetrics.io/v4/timeseries/asset-metrics?assets=avaxp&metrics=AdrActCnt%2CTxCnt&frequency=1d&start_time=2026-05-25&end_time=2026-08-22&page_size=10000,Avalanche P-chain component only. Do not sum active addresses across chains without a deduplication rule.
crypto_avax,2026-06-12,avaxp,180.0,2024.0,https://community-api.coinmetrics.io/v4/timeseries/asset-metrics?assets=avaxp&metrics=AdrActCnt%2CTxCnt&frequency=1d&start_time=2026-05-25&end_time=2026-08-22&page_size=10000,Avalanche P-chain component only. Do not sum active addresses across chains without a deduplication rule.
crypto_avax,2026-06-13,avaxp,180.0,1985.0,https://community-api.coinmetrics.io/v4/timeseries/asset-metrics?assets=avaxp&metrics=AdrActCnt%2CTxCnt&frequency=1d&start_time=2026-05-25&end_time=2026-08-22&page_size=10000,Avalanche P-chain component only. Do not sum active addresses across chains without a deduplication rule.
crypto_avax,2026-06-14,avaxp,180.0,2324.0,https://community-api.coinmetrics.io/v4/timeseries/asset-metrics?assets=avaxp&metrics=AdrActCnt%2CTxCnt&frequency=1d&start_time=2026-05-25&end_time=2026-08-22&page_size=10000,Avalanche P-chain component only. Do not sum active addresses across chains without a deduplication rule.
crypto_avax,2026-06-15,avaxp,269.0,2922.0,https://community-api.coinmetrics.io/v4/timeseries/asset-metrics?assets=avaxp&metrics=AdrActCnt%2CTxCnt&frequency=1d&start_time=2026-05-25&end_time=2026-08-22&page_size=10000,Avalanche P-chain component only. Do not sum active addresses across chains without a deduplication rule.
crypto_avax,2026-06-16,avaxp,218.0,3920.0,https://community-api.coinmetrics.io/v4/timeseries/asset-metrics?assets=avaxp&metrics=AdrActCnt%2CTxCnt&frequency=1d&start_time=2026-05-25&end_time=2026-08-22&page_size=10000,Avalanche P-chain component only. Do not sum active addresses across chains without a deduplication rule.
crypto_avax,2026-06-17,avaxp,214.0,3946.0,https://community-api.coinmetrics.io/v4/timeseries/asset-metrics?assets=avaxp&metrics=AdrActCnt%2CTxCnt&frequency=1d&start_time=2026-05-25&end_time=2026-08-22&page_size=10000,Avalanche P-chain component only. Do not sum active addresses across chains without a deduplication rule.
crypto_avax,2026-06-18,avaxp,184.0,4428.0,https://community-api.coinmetrics.io/v4/timeseries/asset-metrics?assets=avaxp&metrics=AdrActCnt%2CTxCnt&frequency=1d&start_time=2026-05-25&end_time=2026-08-22&page_size=10000,Avalanche P-chain component only. Do not sum active addresses across chains without a deduplication rule.
crypto_avax,2026-06-19,avaxp,203.0,3396.0,https://community-api.coinmetrics.io/v4/timeseries/asset-metrics?assets=avaxp&metrics=AdrActCnt%2CTxCnt&frequency=1d&start_time=2026-05-25&end_time=2026-08-22&page_size=10000,Avalanche P-chain component only. Do not sum active addresses across chains without a deduplication rule.
crypto_avax,2026-06-20,avaxp,177.0,2905.0,https://community-api.coinmetrics.io/v4/timeseries/asset-metrics?assets=avaxp&metrics=AdrActCnt%2CTxCnt&frequency=1d&start_time=2026-05-25&end_time=2026-08-22&page_size=10000,Avalanche P-chain component only. Do not sum active addresses across chains without a deduplication rule.
crypto_avax,2026-06-21,avaxp,181.0,2699.0,https://community-api.coinmetrics.io/v4/timeseries/asset-metrics?assets=avaxp&metrics=AdrActCnt%2CTxCnt&frequency=1d&start_time=2026-05-25&end_time=2026-08-22&page_size=10000,Avalanche P-chain component only. Do not sum active addresses across chains without a deduplication rule.
crypto_avax,2026-06-22,avaxp,207.0,2125.0,https://community-api.coinmetrics.io/v4/timeseries/asset-metrics?assets=avaxp&metrics=AdrActCnt%2CTxCnt&frequency=1d&start_time=2026-05-25&end_time=2026-08-22&page_size=10000,Avalanche P-chain component only. Do not sum active addresses across chains without a deduplication rule.
crypto_avax,2026-06-23,avaxp,181.0,1971.0,https://community-api.coinmetrics.io/v4/timeseries/asset-metrics?assets=avaxp&metrics=AdrActCnt%2CTxCnt&frequency=1d&start_time=2026-05-25&end_time=2026-08-22&page_size=10000,Avalanche P-chain component only. Do not sum active addresses across chains without a deduplication rule.
crypto_avax,2026-06-24,avaxp,167.0,2715.0,https://community-api.coinmetrics.io/v4/timeseries/asset-metrics?assets=avaxp&metrics=AdrActCnt%2CTxCnt&frequency=1d&start_time=2026-05-25&end_time=2026-08-22&page_size=10000,Avalanche P-chain component only. Do not sum active addresses across chains without a deduplication rule.
crypto_avax,2026-06-25,avaxp,184.0,2882.0,https://community-api.coinmetrics.io/v4/timeseries/asset-metrics?assets=avaxp&metrics=AdrActCnt%2CTxCnt&frequency=1d&start_time=2026-05-25&end_time=2026-08-22&page_size=10000,Avalanche P-chain component only. Do not sum active addresses across chains without a deduplication rule.
crypto_avax,2026-06-26,avaxp,198.0,2995.0,https://community-api.coinmetrics.io/v4/timeseries/asset-metrics?assets=avaxp&metrics=AdrActCnt%2CTxCnt&frequency=1d&start_time=2026-05-25&end_time=2026-08-22&page_size=10000,Avalanche P-chain component only. Do not sum active addresses across chains without a deduplication rule.
crypto_avax,2026-06-27,avaxp,189.0,2782.0,https://community-api.coinmetrics.io/v4/timeseries/asset-metrics?assets=avaxp&metrics=AdrActCnt%2CTxCnt&frequency=1d&start_time=2026-05-25&end_time=2026-08-22&page_size=10000,Avalanche P-chain component only. Do not sum active addresses across chains without a deduplication rule.
crypto_avax,2026-06-28,avaxp,204.0,2667.0,https://community-api.coinmetrics.io/v4/timeseries/asset-metrics?assets=avaxp&metrics=AdrActCnt%2CTxCnt&frequency=1d&start_time=2026-05-25&end_time=2026-08-22&page_size=10000,Avalanche P-chain component only. Do not sum active addresses across chains without a deduplication rule.
crypto_avax,2026-06-29,avaxp,279.0,2864.0,https://community-api.coinmetrics.io/v4/timeseries/asset-metrics?assets=avaxp&metrics=AdrActCnt%2CTxCnt&frequency=1d&start_time=2026-05-25&end_time=2026-08-22&page_size=10000,Avalanche P-chain component only. Do not sum active addresses across chains without a deduplication rule.
crypto_avax,2026-06-30,avaxp,484.0,3170.0,https://community-api.coinmetrics.io/v4/timeseries/asset-metrics?assets=avaxp&metrics=AdrActCnt%2CTxCnt&frequency=1d&start_time=2026-05-25&end_time=2026-08-22&page_size=10000,Avalanche P-chain component only. Do not sum active addresses across chains without a deduplication rule.
crypto_avax,2026-07-01,avaxp,382.0,3393.0,https://community-api.coinmetrics.io/v4/timeseries/asset-metrics?assets=avaxp&metrics=AdrActCnt%2CTxCnt&frequency=1d&start_time=2026-05-25&end_time=2026-08-22&page_size=10000,Avalanche P-chain component only. Do not sum active addresses across chains without a deduplication rule.
crypto_avax,2026-07-02,avaxp,284.0,3695.0,https://community-api.coinmetrics.io/v4/timeseries/asset-metrics?assets=avaxp&metrics=AdrActCnt%2CTxCnt&frequency=1d&start_time=2026-05-25&end_time=2026-08-22&page_size=10000,Avalanche P-chain component only. Do not sum active addresses across chains without a deduplication rule.
crypto_avax,2026-07-03,avaxp,248.0,3894.0,https://community-api.coinmetrics.io/v4/timeseries/asset-metrics?assets=avaxp&metrics=AdrActCnt%2CTxCnt&frequency=1d&start_time=2026-05-25&end_time=2026-08-22&page_size=10000,Avalanche P-chain component only. Do not sum active addresses across chains without a deduplication rule.
crypto_avax,2026-07-04,avaxp,186.0,3396.0,https://community-api.coinmetrics.io/v4/timeseries/asset-metrics?assets=avaxp&metrics=AdrActCnt%2CTxCnt&frequency=1d&start_time=2026-05-25&end_time=2026-08-22&page_size=10000,Avalanche P-chain component only. Do not sum active addresses across chains without a deduplication rule.
crypto_avax,2026-07-05,avaxp,213.0,3085.0,https://community-api.coinmetrics.io/v4/timeseries/asset-metrics?assets=avaxp&metrics=AdrActCnt%2CTxCnt&frequency=1d&start_time=2026-05-25&end_time=2026-08-22&page_size=10000,Avalanche P-chain component only. Do not sum active addresses across chains without a deduplication rule.
crypto_avax,2026-07-06,avaxp,200.0,2759.0,https://community-api.coinmetrics.io/v4/timeseries/asset-metrics?assets=avaxp&metrics=AdrActCnt%2CTxCnt&frequency=1d&start_time=2026-05-25&end_time=2026-08-22&page_size=10000,Avalanche P-chain component only. Do not sum active addresses across chains without a deduplication rule.
crypto_avax,2026-07-07,avaxp,182.0,1704.0,https://community-api.coinmetrics.io/v4/timeseries/asset-metrics?assets=avaxp&metrics=AdrActCnt%2CTxCnt&frequency=1d&start_time=2026-05-25&end_time=2026-08-22&page_size=10000,Avalanche P-chain component only. Do not sum active addresses across chains without a deduplication rule.
crypto_avax,2026-07-08,avaxp,171.0,1679.0,https://community-api.coinmetrics.io/v4/timeseries/asset-metrics?assets=avaxp&metrics=AdrActCnt%2CTxCnt&frequency=1d&start_time=2026-05-25&end_time=2026-08-22&page_size=10000,Avalanche P-chain component only. Do not sum active addresses across chains without a deduplication rule.
crypto_avax,2026-07-09,avaxp,168.0,2280.0,https://community-api.coinmetrics.io/v4/timeseries/asset-metrics?assets=avaxp&metrics=AdrActCnt%2CTxCnt&frequency=1d&start_time=2026-05-25&end_time=2026-08-22&page_size=10000,Avalanche P-chain component only. Do not sum active addresses across chains without a deduplication rule.
crypto_avax,2026-07-10,avaxp,209.0,2970.0,https://community-api.coinmetrics.io/v4/timeseries/asset-metrics?assets=avaxp&metrics=AdrActCnt%2CTxCnt&frequency=1d&start_time=2026-05-25&end_time=2026-08-22&page_size=10000,Avalanche P-chain component only. Do not sum active addresses across chains without a deduplication rule.
crypto_avax,2026-07-11,avaxp,146.0,4733.0,https://community-api.coinmetrics.io/v4/timeseries/asset-metrics?assets=avaxp&metrics=AdrActCnt%2CTxCnt&frequency=1d&start_time=2026-05-25&end_time=2026-08-22&page_size=10000,Avalanche P-chain component only. Do not sum active addresses across chains without a deduplication rule.
crypto_avax,2026-07-12,avaxp,163.0,5101.0,https://community-api.coinmetrics.io/v4/timeseries/asset-metrics?assets=avaxp&metrics=AdrActCnt%2CTxCnt&frequency=1d&start_time=2026-05-25&end_time=2026-08-22&page_size=10000,Avalanche P-chain component only. Do not sum active addresses across chains without a deduplication rule.
crypto_avax,2026-07-13,avaxp,194.0,4143.0,https://community-api.coinmetrics.io/v4/timeseries/asset-metrics?assets=avaxp&metrics=AdrActCnt%2CTxCnt&frequency=1d&start_time=2026-05-25&end_time=2026-08-22&page_size=10000,Avalanche P-chain component only. Do not sum active addresses across chains without a deduplication rule.
crypto_avax,2026-07-14,avaxp,252.0,3976.0,https://community-api.coinmetrics.io/v4/timeseries/asset-metrics?assets=avaxp&metrics=AdrActCnt%2CTxCnt&frequency=1d&start_time=2026-05-25&end_time=2026-08-22&page_size=10000,Avalanche P-chain component only. Do not sum active addresses across chains without a deduplication rule.
crypto_avax,2026-07-15,avaxp,310.0,4174.0,https://community-api.coinmetrics.io/v4/timeseries/asset-metrics?assets=avaxp&metrics=AdrActCnt%2CTxCnt&frequency=1d&start_time=2026-05-25&end_time=2026-08-22&page_size=10000,Avalanche P-chain component only. Do not sum active addresses across chains without a deduplication rule.
crypto_avax,2026-07-16,avaxp,185.0,3934.0,https://community-api.coinmetrics.io/v4/timeseries/asset-metrics?assets=avaxp&metrics=AdrActCnt%2CTxCnt&frequency=1d&start_time=2026-05-25&end_time=2026-08-22&page_size=10000,Avalanche P-chain component only. Do not sum active addresses across chains without a deduplication rule.
crypto_avax,2026-07-17,avaxp,173.0,3920.0,https://community-api.coinmetrics.io/v4/timeseries/asset-metrics?assets=avaxp&metrics=AdrActCnt%2CTxCnt&frequency=1d&start_time=2026-05-25&end_time=2026-08-22&page_size=10000,Avalanche P-chain component only. Do not sum active addresses across chains without a deduplication rule.
crypto_avax,2026-07-18,avaxp,172.0,3518.0,https://community-api.coinmetrics.io/v4/timeseries/asset-metrics?assets=avaxp&metrics=AdrActCnt%2CTxCnt&frequency=1d&start_time=2026-05-25&end_time=2026-08-22&page_size=10000,Avalanche P-chain component only. Do not sum active addresses across chains without a deduplication rule.
crypto_avax,2026-07-19,avaxp,158.0,3680.0,https://community-api.coinmetrics.io/v4/timeseries/asset-metrics?assets=avaxp&metrics=AdrActCnt%2CTxCnt&frequency=1d&start_time=2026-05-25&end_time=2026-08-22&page_size=10000,Avalanche P-chain component only. Do not sum active addresses across chains without a deduplication rule.
crypto_avax,2026-07-20,avaxp,163.0,2849.0,https://community-api.coinmetrics.io/v4/timeseries/asset-metrics?assets=avaxp&metrics=AdrActCnt%2CTxCnt&frequency=1d&start_time=2026-05-25&end_time=2026-08-22&page_size=10000,Avalanche P-chain component only. Do not sum active addresses across chains without a deduplication rule.
crypto_avax,2026-07-21,avaxp,202.0,2613.0,https://community-api.coinmetrics.io/v4/timeseries/asset-metrics?assets=avaxp&metrics=AdrActCnt%2CTxCnt&frequency=1d&start_time=2026-05-25&end_time=2026-08-22&page_size=10000,Avalanche P-chain component only. Do not sum active addresses across chains without a deduplication rule.
crypto_avax,2026-07-22,avaxp,225.0,2824.0,https://community-api.coinmetrics.io/v4/timeseries/asset-metrics?assets=avaxp&metrics=AdrActCnt%2CTxCnt&frequency=1d&start_time=2026-05-25&end_time=2026-08-22&page_size=10000,Avalanche P-chain component only. Do not sum active addresses across chains without a deduplication rule.
crypto_avax,2026-07-23,avaxp,176.0,2365.0,https://community-api.coinmetrics.io/v4/timeseries/asset-metrics?assets=avaxp&metrics=AdrActCnt%2CTxCnt&frequency=1d&start_time=2026-05-25&end_time=2026-08-22&page_size=10000,Avalanche P-chain component only. Do not sum active addresses across chains without a deduplication rule.
crypto_avax,2026-07-24,avaxp,182.0,2738.0,https://community-api.coinmetrics.io/v4/timeseries/asset-metrics?assets=avaxp&metrics=AdrActCnt%2CTxCnt&frequency=1d&start_time=2026-05-25&end_time=2026-08-22&page_size=10000,Avalanche P-chain component only. Do not sum active addresses across chains without a deduplication rule.
crypto_avax,2026-07-25,avaxp,156.0,2967.0,https://community-api.coinmetrics.io/v4/timeseries/asset-metrics?assets=avaxp&metrics=AdrActCnt%2CTxCnt&frequency=1d&start_time=2026-05-25&end_time=2026-08-22&page_size=10000,Avalanche P-chain component only. Do not sum active addresses across chains without a deduplication rule.
crypto_avax,2026-07-26,avaxp,165.0,3055.0,https://community-api.coinmetrics.io/v4/timeseries/asset-metrics?assets=avaxp&metrics=AdrActCnt%2CTxCnt&frequency=1d&start_time=2026-05-25&end_time=2026-08-22&page_size=10000,Avalanche P-chain component only. Do not sum active addresses across chains without a deduplication rule.
crypto_avax,2026-07-27,avaxp,151.0,2691.0,https://community-api.coinmetrics.io/v4/timeseries/asset-metrics?assets=avaxp&metrics=AdrActCnt%2CTxCnt&frequency=1d&start_time=2026-05-25&end_time=2026-08-22&page_size=10000,Avalanche P-chain component only. Do not sum active addresses across chains without a deduplication rule.
crypto_avax,2026-07-28,avaxp,151.0,3139.0,https://community-api.coinmetrics.io/v4/timeseries/asset-metrics?assets=avaxp&metrics=AdrActCnt%2CTxCnt&frequency=1d&start_time=2026-05-25&end_time=2026-08-22&page_size=10000,Avalanche P-chain component only. Do not sum active addresses across chains without a deduplication rule.
crypto_avax,2026-07-29,avaxp,177.0,3860.0,https://community-api.coinmetrics.io/v4/timeseries/asset-metrics?assets=avaxp&metrics=AdrActCnt%2CTxCnt&frequency=1d&start_time=2026-05-25&end_time=2026-08-22&page_size=10000,Avalanche P-chain component only. Do not sum active addresses across chains without a deduplication rule.
crypto_avax,2026-07-30,avaxp,336.0,4308.0,https://community-api.coinmetrics.io/v4/timeseries/asset-metrics?assets=avaxp&metrics=AdrActCnt%2CTxCnt&frequency=1d&start_time=2026-05-25&end_time=2026-08-22&page_size=10000,Avalanche P-chain component only. Do not sum active addresses across chains without a deduplication rule.
crypto_avax,2026-07-31,avaxp,283.0,3899.0,https://community-api.coinmetrics.io/v4/timeseries/asset-metrics?assets=avaxp&metrics=AdrActCnt%2CTxCnt&frequency=1d&start_time=2026-05-25&end_time=2026-08-22&page_size=10000,Avalanche P-chain component only. Do not sum active addresses across chains without a deduplication rule.
crypto_avax,2026-08-01,avaxp,256.0,4251.0,https://community-api.coinmetrics.io/v4/timeseries/asset-metrics?assets=avaxp&metrics=AdrActCnt%2CTxCnt&frequency=1d&start_time=2026-05-25&end_time=2026-08-22&page_size=10000,Avalanche P-chain component only. Do not sum active addresses across chains without a deduplication rule.
crypto_avax,2026-08-02,avaxp,217.0,3281.0,https://community-api.coinmetrics.io/v4/timeseries/asset-metrics?assets=avaxp&metrics=AdrActCnt%2CTxCnt&frequency=1d&start_time=2026-05-25&end_time=2026-08-22&page_size=10000,Avalanche P-chain component only. Do not sum active addresses across chains without a deduplication rule.
crypto_avax,2026-08-03,avaxp,213.0,3683.0,https://community-api.coinmetrics.io/v4/timeseries/asset-metrics?assets=avaxp&metrics=AdrActCnt%2CTxCnt&frequency=1d&start_time=2026-05-25&end_time=2026-08-22&page_size=10000,Avalanche P-chain component only. Do not sum active addresses across chains without a deduplication rule.
crypto_avax,2026-08-04,avaxp,187.0,3562.0,https://community-api.coinmetrics.io/v4/timeseries/asset-metrics?assets=avaxp&metrics=AdrActCnt%2CTxCnt&frequency=1d&start_time=2026-05-25&end_time=2026-08-22&page_size=10000,Avalanche P-chain component only. Do not sum active addresses across chains without a deduplication rule.
crypto_avax,2026-08-05,avaxp,182.0,4049.0,https://community-api.coinmetrics.io/v4/timeseries/asset-metrics?assets=avaxp&metrics=AdrActCnt%2CTxCnt&frequency=1d&start_time=2026-05-25&end_time=2026-08-22&page_size=10000,Avalanche P-chain component only. Do not sum active addresses across chains without a deduplication rule.
crypto_avax,2026-08-06,avaxp,169.0,3548.0,https://community-api.coinmetrics.io/v4/timeseries/asset-metrics?assets=avaxp&metrics=AdrActCnt%2CTxCnt&frequency=1d&start_time=2026-05-25&end_time=2026-08-22&page_size=10000,Avalanche P-chain component only. Do not sum active addresses across chains without a deduplication rule.
crypto_avax,2026-08-07,avaxp,199.0,3072.0,https://community-api.coinmetrics.io/v4/timeseries/asset-metrics?assets=avaxp&metrics=AdrActCnt%2CTxCnt&frequency=1d&start_time=2026-05-25&end_time=2026-08-22&page_size=10000,Avalanche P-chain component only. Do not sum active addresses across chains without a deduplication rule.
crypto_avax,2026-08-08,avaxp,223.0,3385.0,https://community-api.coinmetrics.io/v4/timeseries/asset-metrics?assets=avaxp&metrics=AdrActCnt%2CTxCnt&frequency=1d&start_time=2026-05-25&end_time=2026-08-22&page_size=10000,Avalanche P-chain component only. Do not sum active addresses across chains without a deduplication rule.
crypto_avax,2026-08-09,avaxp,196.0,2594.0,https://community-api.coinmetrics.io/v4/timeseries/asset-metrics?assets=avaxp&metrics=AdrActCnt%2CTxCnt&frequency=1d&start_time=2026-05-25&end_time=2026-08-22&page_size=10000,Avalanche P-chain component only. Do not sum active addresses across chains without a deduplication rule.
crypto_avax,2026-08-10,avaxp,197.0,2991.0,https://community-api.coinmetrics.io/v4/timeseries/asset-metrics?assets=avaxp&metrics=AdrActCnt%2CTxCnt&frequency=1d&start_time=2026-05-25&end_time=2026-08-22&page_size=10000,Avalanche P-chain component only. Do not sum active addresses across chains without a deduplication rule.
crypto_avax,2026-08-11,avaxp,176.0,3025.0,https://community-api.coinmetrics.io/v4/timeseries/asset-metrics?assets=avaxp&metrics=AdrActCnt%2CTxCnt&frequency=1d&start_time=2026-05-25&end_time=2026-08-22&page_size=10000,Avalanche P-chain component only. Do not sum active addresses across chains without a deduplication rule.
crypto_avax,2026-08-12,avaxp,184.0,3617.0,https://community-api.coinmetrics.io/v4/timeseries/asset-metrics?assets=avaxp&metrics=AdrActCnt%2CTxCnt&frequency=1d&start_time=2026-05-25&end_time=2026-08-22&page_size=10000,Avalanche P-chain component only. Do not sum active addresses across chains without a deduplication rule.
crypto_avax,2026-08-13,avaxp,166.0,3886.0,https://community-api.coinmetrics.io/v4/timeseries/asset-metrics?assets=avaxp&metrics=AdrActCnt%2CTxCnt&frequency=1d&start_time=2026-05-25&end_time=2026-08-22&page_size=10000,Avalanche P-chain component only. Do not sum active addresses across chains without a deduplication rule.
crypto_avax,2026-08-14,avaxp,146.0,3428.0,https://community-api.coinmetrics.io/v4/timeseries/asset-metrics?assets=avaxp&metrics=AdrActCnt%2CTxCnt&frequency=1d&start_time=2026-05-25&end_time=2026-08-22&page_size=10000,Avalanche P-chain component only. Do not sum active addresses across chains without a deduplication rule.
crypto_avax,2026-08-15,avaxp,166.0,3318.0,https://community-api.coinmetrics.io/v4/timeseries/asset-metrics?assets=avaxp&metrics=AdrActCnt%2CTxCnt&frequency=1d&start_time=2026-05-25&end_time=2026-08-22&page_size=10000,Avalanche P-chain component only. Do not sum active addresses across chains without a deduplication rule.
crypto_avax,2026-08-16,avaxp,142.0,3374.0,https://community-api.coinmetrics.io/v4/timeseries/asset-metrics?assets=avaxp&metrics=AdrActCnt%2CTxCnt&frequency=1d&start_time=2026-05-25&end_time=2026-08-22&page_size=10000,Avalanche P-chain component only. Do not sum active addresses across chains without a deduplication rule.
crypto_avax,2026-08-17,avaxp,181.0,3356.0,https://community-api.coinmetrics.io/v4/timeseries/asset-metrics?assets=avaxp&metrics=AdrActCnt%2CTxCnt&frequency=1d&start_time=2026-05-25&end_time=2026-08-22&page_size=10000,Avalanche P-chain component only. Do not sum active addresses across chains without a deduplication rule.
crypto_avax,2026-08-18,avaxp,224.0,3053.0,https://community-api.coinmetrics.io/v4/timeseries/asset-metrics?assets=avaxp&metrics=AdrActCnt%2CTxCnt&frequency=1d&start_time=2026-05-25&end_time=2026-08-22&page_size=10000,Avalanche P-chain component only. Do not sum active addresses across chains without a deduplication rule.
crypto_avax,2026-08-19,avaxp,222.0,3078.0,https://community-api.coinmetrics.io/v4/timeseries/asset-metrics?assets=avaxp&metrics=AdrActCnt%2CTxCnt&frequency=1d&start_time=2026-05-25&end_time=2026-08-22&page_size=10000,Avalanche P-chain component only. Do not sum active addresses across chains without a deduplication rule.
crypto_avax,2026-08-20,avaxp,204.0,3152.0,https://community-api.coinmetrics.io/v4/timeseries/asset-metrics?assets=avaxp&metrics=AdrActCnt%2CTxCnt&frequency=1d&start_time=2026-05-25&end_time=2026-08-22&page_size=10000,Avalanche P-chain component only. Do not sum active addresses across chains without a deduplication rule.
crypto_avax,2026-08-21,avaxp,234.0,2515.0,https://community-api.coinmetrics.io/v4/timeseries/asset-metrics?assets=avaxp&metrics=AdrActCnt%2CTxCnt&frequency=1d&start_time=2026-05-25&end_time=2026-08-22&page_size=10000,Avalanche P-chain component only. Do not sum active addresses across chains without a deduplication rule.
crypto_avax,2026-08-22,avaxp,199.0,3062.0,https://community-api.coinmetrics.io/v4/timeseries/asset-metrics?assets=avaxp&metrics=AdrActCnt%2CTxCnt&frequency=1d&start_time=2026-05-25&end_time=2026-08-22&page_size=10000,Avalanche P-chain component only. Do not sum active addresses across chains without a deduplication rule.
crypto_avax,2026-05-25,avaxx,75.0,86.0,https://community-api.coinmetrics.io/v4/timeseries/asset-metrics?assets=avaxx&metrics=AdrActCnt%2CTxCnt&frequency=1d&start_time=2026-05-25&end_time=2026-08-22&page_size=10000,Avalanche X-chain component only. Do not sum active addresses across chains without a deduplication rule.
crypto_avax,2026-05-26,avaxx,61.0,58.0,https://community-api.coinmetrics.io/v4/timeseries/asset-metrics?assets=avaxx&metrics=AdrActCnt%2CTxCnt&frequency=1d&start_time=2026-05-25&end_time=2026-08-22&page_size=10000,Avalanche X-chain component only. Do not sum active addresses across chains without a deduplication rule.
crypto_avax,2026-05-27,avaxx,80.0,93.0,https://community-api.coinmetrics.io/v4/timeseries/asset-metrics?assets=avaxx&metrics=AdrActCnt%2CTxCnt&frequency=1d&start_time=2026-05-25&end_time=2026-08-22&page_size=10000,Avalanche X-chain component only. Do not sum active addresses across chains without a deduplication rule.
crypto_avax,2026-05-28,avaxx,127.0,166.0,https://community-api.coinmetrics.io/v4/timeseries/asset-metrics?assets=avaxx&metrics=AdrActCnt%2CTxCnt&frequency=1d&start_time=2026-05-25&end_time=2026-08-22&page_size=10000,Avalanche X-chain component only. Do not sum active addresses across chains without a deduplication rule.
crypto_avax,2026-05-29,avaxx,63.0,112.0,https://community-api.coinmetrics.io/v4/timeseries/asset-metrics?assets=avaxx&metrics=AdrActCnt%2CTxCnt&frequency=1d&start_time=2026-05-25&end_time=2026-08-22&page_size=10000,Avalanche X-chain component only. Do not sum active addresses across chains without a deduplication rule.
crypto_avax,2026-05-30,avaxx,53.0,55.0,https://community-api.coinmetrics.io/v4/timeseries/asset-metrics?assets=avaxx&metrics=AdrActCnt%2CTxCnt&frequency=1d&start_time=2026-05-25&end_time=2026-08-22&page_size=10000,Avalanche X-chain component only. Do not sum active addresses across chains without a deduplication rule.
crypto_avax,2026-05-31,avaxx,62.0,72.0,https://community-api.coinmetrics.io/v4/timeseries/asset-metrics?assets=avaxx&metrics=AdrActCnt%2CTxCnt&frequency=1d&start_time=2026-05-25&end_time=2026-08-22&page_size=10000,Avalanche X-chain component only. Do not sum active addresses across chains without a deduplication rule.
crypto_avax,2026-06-01,avaxx,80.0,106.0,https://community-api.coinmetrics.io/v4/timeseries/asset-metrics?assets=avaxx&metrics=AdrActCnt%2CTxCnt&frequency=1d&start_time=2026-05-25&end_time=2026-08-22&page_size=10000,Avalanche X-chain component only. Do not sum active addresses across chains without a deduplication rule.
crypto_avax,2026-06-02,avaxx,79.0,101.0,https://community-api.coinmetrics.io/v4/timeseries/asset-metrics?assets=avaxx&metrics=AdrActCnt%2CTxCnt&frequency=1d&start_time=2026-05-25&end_time=2026-08-22&page_size=10000,Avalanche X-chain component only. Do not sum active addresses across chains without a deduplication rule.
crypto_avax,2026-06-03,avaxx,99.0,99.0,https://community-api.coinmetrics.io/v4/timeseries/asset-metrics?assets=avaxx&metrics=AdrActCnt%2CTxCnt&frequency=1d&start_time=2026-05-25&end_time=2026-08-22&page_size=10000,Avalanche X-chain component only. Do not sum active addresses across chains without a deduplication rule.
crypto_avax,2026-06-04,avaxx,97.0,100.0,https://community-api.coinmetrics.io/v4/timeseries/asset-metrics?assets=avaxx&metrics=AdrActCnt%2CTxCnt&frequency=1d&start_time=2026-05-25&end_time=2026-08-22&page_size=10000,Avalanche X-chain component only. Do not sum active addresses across chains without a deduplication rule.
crypto_avax,2026-06-05,avaxx,125.0,201.0,https://community-api.coinmetrics.io/v4/timeseries/asset-metrics?assets=avaxx&metrics=AdrActCnt%2CTxCnt&frequency=1d&start_time=2026-05-25&end_time=2026-08-22&page_size=10000,Avalanche X-chain component only. Do not sum active addresses across chains without a deduplication rule.
crypto_avax,2026-06-06,avaxx,84.0,129.0,https://community-api.coinmetrics.io/v4/timeseries/asset-metrics?assets=avaxx&metrics=AdrActCnt%2CTxCnt&frequency=1d&start_time=2026-05-25&end_time=2026-08-22&page_size=10000,Avalanche X-chain component only. Do not sum active addresses across chains without a deduplication rule.
crypto_avax,2026-06-07,avaxx,73.0,100.0,https://community-api.coinmetrics.io/v4/timeseries/asset-metrics?assets=avaxx&metrics=AdrActCnt%2CTxCnt&frequency=1d&start_time=2026-05-25&end_time=2026-08-22&page_size=10000,Avalanche X-chain component only. Do not sum active addresses across chains without a deduplication rule.
crypto_avax,2026-06-08,avaxx,76.0,130.0,https://community-api.coinmetrics.io/v4/timeseries/asset-metrics?assets=avaxx&metrics=AdrActCnt%2CTxCnt&frequency=1d&start_time=2026-05-25&end_time=2026-08-22&page_size=10000,Avalanche X-chain component only. Do not sum active addresses across chains without a deduplication rule.
crypto_avax,2026-06-09,avaxx,87.0,121.0,https://community-api.coinmetrics.io/v4/timeseries/asset-metrics?assets=avaxx&metrics=AdrActCnt%2CTxCnt&frequency=1d&start_time=2026-05-25&end_time=2026-08-22&page_size=10000,Avalanche X-chain component only. Do not sum active addresses across chains without a deduplication rule.
crypto_avax,2026-06-10,avaxx,82.0,104.0,https://community-api.coinmetrics.io/v4/timeseries/asset-metrics?assets=avaxx&metrics=AdrActCnt%2CTxCnt&frequency=1d&start_time=2026-05-25&end_time=2026-08-22&page_size=10000,Avalanche X-chain component only. Do not sum active addresses across chains without a deduplication rule.
crypto_avax,2026-06-11,avaxx,78.0,101.0,https://community-api.coinmetrics.io/v4/timeseries/asset-metrics?assets=avaxx&metrics=AdrActCnt%2CTxCnt&frequency=1d&start_time=2026-05-25&end_time=2026-08-22&page_size=10000,Avalanche X-chain component only. Do not sum active addresses across chains without a deduplication rule.
crypto_avax,2026-06-12,avaxx,85.0,100.0,https://community-api.coinmetrics.io/v4/timeseries/asset-metrics?assets=avaxx&metrics=AdrActCnt%2CTxCnt&frequency=1d&start_time=2026-05-25&end_time=2026-08-22&page_size=10000,Avalanche X-chain component only. Do not sum active addresses across chains without a deduplication rule.
crypto_avax,2026-06-13,avaxx,78.0,120.0,https://community-api.coinmetrics.io/v4/timeseries/asset-metrics?assets=avaxx&metrics=AdrActCnt%2CTxCnt&frequency=1d&start_time=2026-05-25&end_time=2026-08-22&page_size=10000,Avalanche X-chain component only. Do not sum active addresses across chains without a deduplication rule.
crypto_avax,2026-06-14,avaxx,63.0,89.0,https://community-api.coinmetrics.io/v4/timeseries/asset-metrics?assets=avaxx&metrics=AdrActCnt%2CTxCnt&frequency=1d&start_time=2026-05-25&end_time=2026-08-22&page_size=10000,Avalanche X-chain component only. Do not sum active addresses across chains without a deduplication rule.
crypto_avax,2026-06-15,avaxx,70.0,103.0,https://community-api.coinmetrics.io/v4/timeseries/asset-metrics?assets=avaxx&metrics=AdrActCnt%2CTxCnt&frequency=1d&start_time=2026-05-25&end_time=2026-08-22&page_size=10000,Avalanche X-chain component only. Do not sum active addresses across chains without a deduplication rule.
crypto_avax,2026-06-16,avaxx,82.0,101.0,https://community-api.coinmetrics.io/v4/timeseries/asset-metrics?assets=avaxx&metrics=AdrActCnt%2CTxCnt&frequency=1d&start_time=2026-05-25&end_time=2026-08-22&page_size=10000,Avalanche X-chain component only. Do not sum active addresses across chains without a deduplication rule.
crypto_avax,2026-06-17,avaxx,71.0,121.0,https://community-api.coinmetrics.io/v4/timeseries/asset-metrics?assets=avaxx&metrics=AdrActCnt%2CTxCnt&frequency=1d&start_time=2026-05-25&end_time=2026-08-22&page_size=10000,Avalanche X-chain component only. Do not sum active addresses across chains without a deduplication rule.
crypto_avax,2026-06-18,avaxx,72.0,136.0,https://community-api.coinmetrics.io/v4/timeseries/asset-metrics?assets=avaxx&metrics=AdrActCnt%2CTxCnt&frequency=1d&start_time=2026-05-25&end_time=2026-08-22&page_size=10000,Avalanche X-chain component only. Do not sum active addresses across chains without a deduplication rule.
crypto_avax,2026-06-19,avaxx,90.0,144.0,https://community-api.coinmetrics.io/v4/timeseries/asset-metrics?assets=avaxx&metrics=AdrActCnt%2CTxCnt&frequency=1d&start_time=2026-05-25&end_time=2026-08-22&page_size=10000,Avalanche X-chain component only. Do not sum active addresses across chains without a deduplication rule.
crypto_avax,2026-06-20,avaxx,105.0,126.0,https://community-api.coinmetrics.io/v4/timeseries/asset-metrics?assets=avaxx&metrics=AdrActCnt%2CTxCnt&frequency=1d&start_time=2026-05-25&end_time=2026-08-22&page_size=10000,Avalanche X-chain component only. Do not sum active addresses across chains without a deduplication rule.
crypto_avax,2026-06-21,avaxx,77.0,69.0,https://community-api.coinmetrics.io/v4/timeseries/asset-metrics?assets=avaxx&metrics=AdrActCnt%2CTxCnt&frequency=1d&start_time=2026-05-25&end_time=2026-08-22&page_size=10000,Avalanche X-chain component only. Do not sum active addresses across chains without a deduplication rule.
crypto_avax,2026-06-22,avaxx,95.0,214.0,https://community-api.coinmetrics.io/v4/timeseries/asset-metrics?assets=avaxx&metrics=AdrActCnt%2CTxCnt&frequency=1d&start_time=2026-05-25&end_time=2026-08-22&page_size=10000,Avalanche X-chain component only. Do not sum active addresses across chains without a deduplication rule.
crypto_avax,2026-06-23,avaxx,106.0,125.0,https://community-api.coinmetrics.io/v4/timeseries/asset-metrics?assets=avaxx&metrics=AdrActCnt%2CTxCnt&frequency=1d&start_time=2026-05-25&end_time=2026-08-22&page_size=10000,Avalanche X-chain component only. Do not sum active addresses across chains without a deduplication rule.
crypto_avax,2026-06-24,avaxx,116.0,154.0,https://community-api.coinmetrics.io/v4/timeseries/asset-metrics?assets=avaxx&metrics=AdrActCnt%2CTxCnt&frequency=1d&start_time=2026-05-25&end_time=2026-08-22&page_size=10000,Avalanche X-chain component only. Do not sum active addresses across chains without a deduplication rule.
crypto_avax,2026-06-25,avaxx,136.0,164.0,https://community-api.coinmetrics.io/v4/timeseries/asset-metrics?assets=avaxx&metrics=AdrActCnt%2CTxCnt&frequency=1d&start_time=2026-05-25&end_time=2026-08-22&page_size=10000,Avalanche X-chain component only. Do not sum active addresses across chains without a deduplication rule.
crypto_avax,2026-06-26,avaxx,150.0,167.0,https://community-api.coinmetrics.io/v4/timeseries/asset-metrics?assets=avaxx&metrics=AdrActCnt%2CTxCnt&frequency=1d&start_time=2026-05-25&end_time=2026-08-22&page_size=10000,Avalanche X-chain component only. Do not sum active addresses across chains without a deduplication rule.
crypto_avax,2026-06-27,avaxx,150.0,164.0,https://community-api.coinmetrics.io/v4/timeseries/asset-metrics?assets=avaxx&metrics=AdrActCnt%2CTxCnt&frequency=1d&start_time=2026-05-25&end_time=2026-08-22&page_size=10000,Avalanche X-chain component only. Do not sum active addresses across chains without a deduplication rule.
crypto_avax,2026-06-28,avaxx,145.0,182.0,https://community-api.coinmetrics.io/v4/timeseries/asset-metrics?assets=avaxx&metrics=AdrActCnt%2CTxCnt&frequency=1d&start_time=2026-05-25&end_time=2026-08-22&page_size=10000,Avalanche X-chain component only. Do not sum active addresses across chains without a deduplication rule.
crypto_avax,2026-06-29,avaxx,183.0,250.0,https://community-api.coinmetrics.io/v4/timeseries/asset-metrics?assets=avaxx&metrics=AdrActCnt%2CTxCnt&frequency=1d&start_time=2026-05-25&end_time=2026-08-22&page_size=10000,Avalanche X-chain component only. Do not sum active addresses across chains without a deduplication rule.
crypto_avax,2026-06-30,avaxx,258.0,303.0,https://community-api.coinmetrics.io/v4/timeseries/asset-metrics?assets=avaxx&metrics=AdrActCnt%2CTxCnt&frequency=1d&start_time=2026-05-25&end_time=2026-08-22&page_size=10000,Avalanche X-chain component only. Do not sum active addresses across chains without a deduplication rule.
crypto_avax,2026-07-01,avaxx,136.0,133.0,https://community-api.coinmetrics.io/v4/timeseries/asset-metrics?assets=avaxx&metrics=AdrActCnt%2CTxCnt&frequency=1d&start_time=2026-05-25&end_time=2026-08-22&page_size=10000,Avalanche X-chain component only. Do not sum active addresses across chains without a deduplication rule.
crypto_avax,2026-07-02,avaxx,129.0,150.0,https://community-api.coinmetrics.io/v4/timeseries/asset-metrics?assets=avaxx&metrics=AdrActCnt%2CTxCnt&frequency=1d&start_time=2026-05-25&end_time=2026-08-22&page_size=10000,Avalanche X-chain component only. Do not sum active addresses across chains without a deduplication rule.
crypto_avax,2026-07-03,avaxx,83.0,95.0,https://community-api.coinmetrics.io/v4/timeseries/asset-metrics?assets=avaxx&metrics=AdrActCnt%2CTxCnt&frequency=1d&start_time=2026-05-25&end_time=2026-08-22&page_size=10000,Avalanche X-chain component only. Do not sum active addresses across chains without a deduplication rule.
crypto_avax,2026-07-04,avaxx,96.0,108.0,https://community-api.coinmetrics.io/v4/timeseries/asset-metrics?assets=avaxx&metrics=AdrActCnt%2CTxCnt&frequency=1d&start_time=2026-05-25&end_time=2026-08-22&page_size=10000,Avalanche X-chain component only. Do not sum active addresses across chains without a deduplication rule.
crypto_avax,2026-07-05,avaxx,70.0,69.0,https://community-api.coinmetrics.io/v4/timeseries/asset-metrics?assets=avaxx&metrics=AdrActCnt%2CTxCnt&frequency=1d&start_time=2026-05-25&end_time=2026-08-22&page_size=10000,Avalanche X-chain component only. Do not sum active addresses across chains without a deduplication rule.
crypto_avax,2026-07-06,avaxx,90.0,98.0,https://community-api.coinmetrics.io/v4/timeseries/asset-metrics?assets=avaxx&metrics=AdrActCnt%2CTxCnt&frequency=1d&start_time=2026-05-25&end_time=2026-08-22&page_size=10000,Avalanche X-chain component only. Do not sum active addresses across chains without a deduplication rule.
crypto_avax,2026-07-07,avaxx,96.0,90.0,https://community-api.coinmetrics.io/v4/timeseries/asset-metrics?assets=avaxx&metrics=AdrActCnt%2CTxCnt&frequency=1d&start_time=2026-05-25&end_time=2026-08-22&page_size=10000,Avalanche X-chain component only. Do not sum active addresses across chains without a deduplication rule.
crypto_avax,2026-07-08,avaxx,75.0,104.0,https://community-api.coinmetrics.io/v4/timeseries/asset-metrics?assets=avaxx&metrics=AdrActCnt%2CTxCnt&frequency=1d&start_time=2026-05-25&end_time=2026-08-22&page_size=10000,Avalanche X-chain component only. Do not sum active addresses across chains without a deduplication rule.
crypto_avax,2026-07-09,avaxx,84.0,96.0,https://community-api.coinmetrics.io/v4/timeseries/asset-metrics?assets=avaxx&metrics=AdrActCnt%2CTxCnt&frequency=1d&start_time=2026-05-25&end_time=2026-08-22&page_size=10000,Avalanche X-chain component only. Do not sum active addresses across chains without a deduplication rule.
crypto_avax,2026-07-10,avaxx,97.0,112.0,https://community-api.coinmetrics.io/v4/timeseries/asset-metrics?assets=avaxx&metrics=AdrActCnt%2CTxCnt&frequency=1d&start_time=2026-05-25&end_time=2026-08-22&page_size=10000,Avalanche X-chain component only. Do not sum active addresses across chains without a deduplication rule.
crypto_avax,2026-07-11,avaxx,83.0,86.0,https://community-api.coinmetrics.io/v4/timeseries/asset-metrics?assets=avaxx&metrics=AdrActCnt%2CTxCnt&frequency=1d&start_time=2026-05-25&end_time=2026-08-22&page_size=10000,Avalanche X-chain component only. Do not sum active addresses across chains without a deduplication rule.
crypto_avax,2026-07-12,avaxx,57.0,65.0,https://community-api.coinmetrics.io/v4/timeseries/asset-metrics?assets=avaxx&metrics=AdrActCnt%2CTxCnt&frequency=1d&start_time=2026-05-25&end_time=2026-08-22&page_size=10000,Avalanche X-chain component only. Do not sum active addresses across chains without a deduplication rule.
crypto_avax,2026-07-13,avaxx,116.0,115.0,https://community-api.coinmetrics.io/v4/timeseries/asset-metrics?assets=avaxx&metrics=AdrActCnt%2CTxCnt&frequency=1d&start_time=2026-05-25&end_time=2026-08-22&page_size=10000,Avalanche X-chain component only. Do not sum active addresses across chains without a deduplication rule.
crypto_avax,2026-07-14,avaxx,2211.0,2224.0,https://community-api.coinmetrics.io/v4/timeseries/asset-metrics?assets=avaxx&metrics=AdrActCnt%2CTxCnt&frequency=1d&start_time=2026-05-25&end_time=2026-08-22&page_size=10000,Avalanche X-chain component only. Do not sum active addresses across chains without a deduplication rule.
crypto_avax,2026-07-15,avaxx,80.0,95.0,https://community-api.coinmetrics.io/v4/timeseries/asset-metrics?assets=avaxx&metrics=AdrActCnt%2CTxCnt&frequency=1d&start_time=2026-05-25&end_time=2026-08-22&page_size=10000,Avalanche X-chain component only. Do not sum active addresses across chains without a deduplication rule.
crypto_avax,2026-07-16,avaxx,69.0,78.0,https://community-api.coinmetrics.io/v4/timeseries/asset-metrics?assets=avaxx&metrics=AdrActCnt%2CTxCnt&frequency=1d&start_time=2026-05-25&end_time=2026-08-22&page_size=10000,Avalanche X-chain component only. Do not sum active addresses across chains without a deduplication rule.
crypto_avax,2026-07-17,avaxx,71.0,102.0,https://community-api.coinmetrics.io/v4/timeseries/asset-metrics?assets=avaxx&metrics=AdrActCnt%2CTxCnt&frequency=1d&start_time=2026-05-25&end_time=2026-08-22&page_size=10000,Avalanche X-chain component only. Do not sum active addresses across chains without a deduplication rule.
crypto_avax,2026-07-18,avaxx,61.0,55.0,https://community-api.coinmetrics.io/v4/timeseries/asset-metrics?assets=avaxx&metrics=AdrActCnt%2CTxCnt&frequency=1d&start_time=2026-05-25&end_time=2026-08-22&page_size=10000,Avalanche X-chain component only. Do not sum active addresses across chains without a deduplication rule.
crypto_avax,2026-07-19,avaxx,51.0,43.0,https://community-api.coinmetrics.io/v4/timeseries/asset-metrics?assets=avaxx&metrics=AdrActCnt%2CTxCnt&frequency=1d&start_time=2026-05-25&end_time=2026-08-22&page_size=10000,Avalanche X-chain component only. Do not sum active addresses across chains without a deduplication rule.
crypto_avax,2026-07-20,avaxx,62.0,73.0,https://community-api.coinmetrics.io/v4/timeseries/asset-metrics?assets=avaxx&metrics=AdrActCnt%2CTxCnt&frequency=1d&start_time=2026-05-25&end_time=2026-08-22&page_size=10000,Avalanche X-chain component only. Do not sum active addresses across chains without a deduplication rule.
crypto_avax,2026-07-21,avaxx,66.0,76.0,https://community-api.coinmetrics.io/v4/timeseries/asset-metrics?assets=avaxx&metrics=AdrActCnt%2CTxCnt&frequency=1d&start_time=2026-05-25&end_time=2026-08-22&page_size=10000,Avalanche X-chain component only. Do not sum active addresses across chains without a deduplication rule.
crypto_avax,2026-07-22,avaxx,70.0,64.0,https://community-api.coinmetrics.io/v4/timeseries/asset-metrics?assets=avaxx&metrics=AdrActCnt%2CTxCnt&frequency=1d&start_time=2026-05-25&end_time=2026-08-22&page_size=10000,Avalanche X-chain component only. Do not sum active addresses across chains without a deduplication rule.
crypto_avax,2026-07-23,avaxx,79.0,71.0,https://community-api.coinmetrics.io/v4/timeseries/asset-metrics?assets=avaxx&metrics=AdrActCnt%2CTxCnt&frequency=1d&start_time=2026-05-25&end_time=2026-08-22&page_size=10000,Avalanche X-chain component only. Do not sum active addresses across chains without a deduplication rule.
crypto_avax,2026-07-24,avaxx,45.0,87.0,https://community-api.coinmetrics.io/v4/timeseries/asset-metrics?assets=avaxx&metrics=AdrActCnt%2CTxCnt&frequency=1d&start_time=2026-05-25&end_time=2026-08-22&page_size=10000,Avalanche X-chain component only. Do not sum active addresses across chains without a deduplication rule.
crypto_avax,2026-07-25,avaxx,58.0,65.0,https://community-api.coinmetrics.io/v4/timeseries/asset-metrics?assets=avaxx&metrics=AdrActCnt%2CTxCnt&frequency=1d&start_time=2026-05-25&end_time=2026-08-22&page_size=10000,Avalanche X-chain component only. Do not sum active addresses across chains without a deduplication rule.
crypto_avax,2026-07-26,avaxx,62.0,59.0,https://community-api.coinmetrics.io/v4/timeseries/asset-metrics?assets=avaxx&metrics=AdrActCnt%2CTxCnt&frequency=1d&start_time=2026-05-25&end_time=2026-08-22&page_size=10000,Avalanche X-chain component only. Do not sum active addresses across chains without a deduplication rule.
crypto_avax,2026-07-27,avaxx,64.0,73.0,https://community-api.coinmetrics.io/v4/timeseries/asset-metrics?assets=avaxx&metrics=AdrActCnt%2CTxCnt&frequency=1d&start_time=2026-05-25&end_time=2026-08-22&page_size=10000,Avalanche X-chain component only. Do not sum active addresses across chains without a deduplication rule.
crypto_avax,2026-07-28,avaxx,62.0,70.0,https://community-api.coinmetrics.io/v4/timeseries/asset-metrics?assets=avaxx&metrics=AdrActCnt%2CTxCnt&frequency=1d&start_time=2026-05-25&end_time=2026-08-22&page_size=10000,Avalanche X-chain component only. Do not sum active addresses across chains without a deduplication rule.
crypto_avax,2026-07-29,avaxx,72.0,116.0,https://community-api.coinmetrics.io/v4/timeseries/asset-metrics?assets=avaxx&metrics=AdrActCnt%2CTxCnt&frequency=1d&start_time=2026-05-25&end_time=2026-08-22&page_size=10000,Avalanche X-chain component only. Do not sum active addresses across chains without a deduplication rule.
crypto_avax,2026-07-30,avaxx,59.0,59.0,https://community-api.coinmetrics.io/v4/timeseries/asset-metrics?assets=avaxx&metrics=AdrActCnt%2CTxCnt&frequency=1d&start_time=2026-05-25&end_time=2026-08-22&page_size=10000,Avalanche X-chain component only. Do not sum active addresses across chains without a deduplication rule.
crypto_avax,2026-07-31,avaxx,86.0,93.0,https://community-api.coinmetrics.io/v4/timeseries/asset-metrics?assets=avaxx&metrics=AdrActCnt%2CTxCnt&frequency=1d&start_time=2026-05-25&end_time=2026-08-22&page_size=10000,Avalanche X-chain component only. Do not sum active addresses across chains without a deduplication rule.
crypto_avax,2026-08-01,avaxx,61.0,64.0,https://community-api.coinmetrics.io/v4/timeseries/asset-metrics?assets=avaxx&metrics=AdrActCnt%2CTxCnt&frequency=1d&start_time=2026-05-25&end_time=2026-08-22&page_size=10000,Avalanche X-chain component only. Do not sum active addresses across chains without a deduplication rule.
crypto_avax,2026-08-02,avaxx,70.0,90.0,https://community-api.coinmetrics.io/v4/timeseries/asset-metrics?assets=avaxx&metrics=AdrActCnt%2CTxCnt&frequency=1d&start_time=2026-05-25&end_time=2026-08-22&page_size=10000,Avalanche X-chain component only. Do not sum active addresses across chains without a deduplication rule.
crypto_avax,2026-08-03,avaxx,63.0,76.0,https://community-api.coinmetrics.io/v4/timeseries/asset-metrics?assets=avaxx&metrics=AdrActCnt%2CTxCnt&frequency=1d&start_time=2026-05-25&end_time=2026-08-22&page_size=10000,Avalanche X-chain component only. Do not sum active addresses across chains without a deduplication rule.
crypto_avax,2026-08-04,avaxx,67.0,72.0,https://community-api.coinmetrics.io/v4/timeseries/asset-metrics?assets=avaxx&metrics=AdrActCnt%2CTxCnt&frequency=1d&start_time=2026-05-25&end_time=2026-08-22&page_size=10000,Avalanche X-chain component only. Do not sum active addresses across chains without a deduplication rule.
crypto_avax,2026-08-05,avaxx,64.0,89.0,https://community-api.coinmetrics.io/v4/timeseries/asset-metrics?assets=avaxx&metrics=AdrActCnt%2CTxCnt&frequency=1d&start_time=2026-05-25&end_time=2026-08-22&page_size=10000,Avalanche X-chain component only. Do not sum active addresses across chains without a deduplication rule.
crypto_avax,2026-08-06,avaxx,61.0,111.0,https://community-api.coinmetrics.io/v4/timeseries/asset-metrics?assets=avaxx&metrics=AdrActCnt%2CTxCnt&frequency=1d&start_time=2026-05-25&end_time=2026-08-22&page_size=10000,Avalanche X-chain component only. Do not sum active addresses across chains without a deduplication rule.
crypto_avax,2026-08-07,avaxx,60.0,65.0,https://community-api.coinmetrics.io/v4/timeseries/asset-metrics?assets=avaxx&metrics=AdrActCnt%2CTxCnt&frequency=1d&start_time=2026-05-25&end_time=2026-08-22&page_size=10000,Avalanche X-chain component only. Do not sum active addresses across chains without a deduplication rule.
crypto_avax,2026-08-08,avaxx,48.0,42.0,https://community-api.coinmetrics.io/v4/timeseries/asset-metrics?assets=avaxx&metrics=AdrActCnt%2CTxCnt&frequency=1d&start_time=2026-05-25&end_time=2026-08-22&page_size=10000,Avalanche X-chain component only. Do not sum active addresses across chains without a deduplication rule.
crypto_avax,2026-08-09,avaxx,54.0,47.0,https://community-api.coinmetrics.io/v4/timeseries/asset-metrics?assets=avaxx&metrics=AdrActCnt%2CTxCnt&frequency=1d&start_time=2026-05-25&end_time=2026-08-22&page_size=10000,Avalanche X-chain component only. Do not sum active addresses across chains without a deduplication rule.
crypto_avax,2026-08-10,avaxx,174.0,61.0,https://community-api.coinmetrics.io/v4/timeseries/asset-metrics?assets=avaxx&metrics=AdrActCnt%2CTxCnt&frequency=1d&start_time=2026-05-25&end_time=2026-08-22&page_size=10000,Avalanche X-chain component only. Do not sum active addresses across chains without a deduplication rule.
crypto_avax,2026-08-11,avaxx,54.0,86.0,https://community-api.coinmetrics.io/v4/timeseries/asset-metrics?assets=avaxx&metrics=AdrActCnt%2CTxCnt&frequency=1d&start_time=2026-05-25&end_time=2026-08-22&page_size=10000,Avalanche X-chain component only. Do not sum active addresses across chains without a deduplication rule.
crypto_avax,2026-08-12,avaxx,57.0,51.0,https://community-api.coinmetrics.io/v4/timeseries/asset-metrics?assets=avaxx&metrics=AdrActCnt%2CTxCnt&frequency=1d&start_time=2026-05-25&end_time=2026-08-22&page_size=10000,Avalanche X-chain component only. Do not sum active addresses across chains without a deduplication rule.
crypto_avax,2026-08-13,avaxx,57.0,66.0,https://community-api.coinmetrics.io/v4/timeseries/asset-metrics?assets=avaxx&metrics=AdrActCnt%2CTxCnt&frequency=1d&start_time=2026-05-25&end_time=2026-08-22&page_size=10000,Avalanche X-chain component only. Do not sum active addresses across chains without a deduplication rule.
crypto_avax,2026-08-14,avaxx,74.0,75.0,https://community-api.coinmetrics.io/v4/timeseries/asset-metrics?assets=avaxx&metrics=AdrActCnt%2CTxCnt&frequency=1d&start_time=2026-05-25&end_time=2026-08-22&page_size=10000,Avalanche X-chain component only. Do not sum active addresses across chains without a deduplication rule.
crypto_avax,2026-08-15,avaxx,63.0,64.0,https://community-api.coinmetrics.io/v4/timeseries/asset-metrics?assets=avaxx&metrics=AdrActCnt%2CTxCnt&frequency=1d&start_time=2026-05-25&end_time=2026-08-22&page_size=10000,Avalanche X-chain component only. Do not sum active addresses across chains without a deduplication rule.
crypto_avax,2026-08-16,avaxx,81.0,63.0,https://community-api.coinmetrics.io/v4/timeseries/asset-metrics?assets=avaxx&metrics=AdrActCnt%2CTxCnt&frequency=1d&start_time=2026-05-25&end_time=2026-08-22&page_size=10000,Avalanche X-chain component only. Do not sum active addresses across chains without a deduplication rule.
crypto_avax,2026-08-17,avaxx,47.0,50.0,https://community-api.coinmetrics.io/v4/timeseries/asset-metrics?assets=avaxx&metrics=AdrActCnt%2CTxCnt&frequency=1d&start_time=2026-05-25&end_time=2026-08-22&page_size=10000,Avalanche X-chain component only. Do not sum active addresses across chains without a deduplication rule.
crypto_avax,2026-08-18,avaxx,62.0,71.0,https://community-api.coinmetrics.io/v4/timeseries/asset-metrics?assets=avaxx&metrics=AdrActCnt%2CTxCnt&frequency=1d&start_time=2026-05-25&end_time=2026-08-22&page_size=10000,Avalanche X-chain component only. Do not sum active addresses across chains without a deduplication rule.
crypto_avax,2026-08-19,avaxx,76.0,119.0,https://community-api.coinmetrics.io/v4/timeseries/asset-metrics?assets=avaxx&metrics=AdrActCnt%2CTxCnt&frequency=1d&start_time=2026-05-25&end_time=2026-08-22&page_size=10000,Avalanche X-chain component only. Do not sum active addresses across chains without a deduplication rule.
crypto_avax,2026-08-20,avaxx,80.0,102.0,https://community-api.coinmetrics.io/v4/timeseries/asset-metrics?assets=avaxx&metrics=AdrActCnt%2CTxCnt&frequency=1d&start_time=2026-05-25&end_time=2026-08-22&page_size=10000,Avalanche X-chain component only. Do not sum active addresses across chains without a deduplication rule.
crypto_avax,2026-08-21,avaxx,90.0,122.0,https://community-api.coinmetrics.io/v4/timeseries/asset-metrics?assets=avaxx&metrics=AdrActCnt%2CTxCnt&frequency=1d&start_time=2026-05-25&end_time=2026-08-22&page_size=10000,Avalanche X-chain component only. Do not sum active addresses across chains without a deduplication rule.
crypto_avax,2026-08-22,avaxx,91.0,112.0,https://community-api.coinmetrics.io/v4/timeseries/asset-metrics?assets=avaxx&metrics=AdrActCnt%2CTxCnt&frequency=1d&start_time=2026-05-25&end_time=2026-08-22&page_size=10000,Avalanche X-chain component only. Do not sum active addresses across chains without a deduplication rule.
