asset_id,start_date,end_date,expected_days,active_address_days,transaction_days,median_active_addresses,median_transactions,market_cap_days,existing_collateral_proxy_days,expansion_candidate_balance_days,activity_coverage,activity_source_url,collection_error,next_action,scope_note,collection_note
crypto_ada,2026-05-25,2026-08-22,90,90,90,14531.0,22165.0,89,0,90,complete,https://community-api.coinmetrics.io/v4/timeseries/asset-metrics?assets=ada&metrics=AdrActCnt%2CTxCnt&frequency=1d&start_time=2026-05-25&end_time=2026-08-22&page_size=10000,,Review monetary purpose and activity composition. Collect dated collateral eligibility and daily collateral balances.,Network activity does not establish payment use.,
crypto_avax,2026-05-25,2026-08-22,90,0,0,,,89,0,90,missing,,,Collect missing activity measures. Collect dated collateral eligibility and daily collateral balances.,Network activity does not establish payment use.,Avalanche C/P/X chains require a reconciled asset-level measure.
crypto_bch,2026-05-25,2026-08-22,90,90,90,21120.0,11630.5,89,0,0,complete,https://community-api.coinmetrics.io/v4/timeseries/asset-metrics?assets=bch&metrics=AdrActCnt%2CTxCnt&frequency=1d&start_time=2026-05-25&end_time=2026-08-22&page_size=10000,,Review monetary purpose and activity composition. Collect dated collateral eligibility and daily collateral balances.,Network activity does not establish payment use.,
crypto_doge,2026-05-25,2026-08-22,90,90,90,38489.5,26209.0,89,0,90,complete,https://community-api.coinmetrics.io/v4/timeseries/asset-metrics?assets=doge&metrics=AdrActCnt%2CTxCnt&frequency=1d&start_time=2026-05-25&end_time=2026-08-22&page_size=10000,,Review monetary purpose and activity composition. Collect dated collateral eligibility and daily collateral balances.,Network activity does not establish payment use.,
crypto_hbar,2026-05-25,2026-08-22,90,0,0,,,89,0,0,missing,,,Collect missing activity measures. Collect dated collateral eligibility and daily collateral balances.,Network activity does not establish payment use.,Not listed for these metrics in the public daily catalog.
crypto_link,2026-05-25,2026-08-22,90,90,90,3599.0,6242.0,89,0,90,complete,https://community-api.coinmetrics.io/v4/timeseries/asset-metrics?assets=link&metrics=AdrActCnt%2CTxCnt&frequency=1d&start_time=2026-05-25&end_time=2026-08-22&page_size=10000,,Review monetary purpose and activity composition. Collect dated collateral eligibility and daily collateral balances.,Token activity does not establish payment use.,
crypto_ltc,2026-05-25,2026-08-22,90,90,90,269052.0,176798.5,89,0,90,complete,https://community-api.coinmetrics.io/v4/timeseries/asset-metrics?assets=ltc&metrics=AdrActCnt%2CTxCnt&frequency=1d&start_time=2026-05-25&end_time=2026-08-22&page_size=10000,,Review monetary purpose and activity composition. Collect dated collateral eligibility and daily collateral balances.,Network activity does not establish payment use.,
crypto_op,2026-05-25,2026-08-22,90,0,0,,,89,0,90,missing,,,Collect missing activity measures. Collect dated collateral eligibility and daily collateral balances.,Network activity does not establish payment use.,Not listed for these metrics in the public daily catalog.
crypto_sol,2026-05-25,2026-08-22,90,0,0,,,89,0,90,missing,,,Collect missing activity measures. Collect dated collateral eligibility and daily collateral balances.,Network activity does not establish payment use.,Not listed for these metrics in the public daily catalog.
crypto_sui,2026-05-25,2026-08-22,90,0,0,,,89,0,0,missing,,,Collect missing activity measures. Collect dated collateral eligibility and daily collateral balances.,Network activity does not establish payment use.,Not listed for these metrics in the public daily catalog.
crypto_trx,2026-05-25,2026-08-22,90,90,90,4700714.0,12419270.0,89,0,0,complete,https://community-api.coinmetrics.io/v4/timeseries/asset-metrics?assets=trx&metrics=AdrActCnt%2CTxCnt&frequency=1d&start_time=2026-05-25&end_time=2026-08-22&page_size=10000,,Review monetary purpose and activity composition. Collect dated collateral eligibility and daily collateral balances.,Network activity does not establish payment use.,
crypto_xlm,2026-05-25,2026-08-22,90,90,90,120517.5,3919455.5,89,0,0,complete,https://community-api.coinmetrics.io/v4/timeseries/asset-metrics?assets=xlm&metrics=AdrActCnt%2CTxCnt&frequency=1d&start_time=2026-05-25&end_time=2026-08-22&page_size=10000,,Review monetary purpose and activity composition. Collect dated collateral eligibility and daily collateral balances.,Network activity does not establish payment use.,
crypto_xrp,2026-05-25,2026-08-22,90,90,90,40063.0,1816372.0,89,0,90,complete,https://community-api.coinmetrics.io/v4/timeseries/asset-metrics?assets=xrp&metrics=AdrActCnt%2CTxCnt&frequency=1d&start_time=2026-05-25&end_time=2026-08-22&page_size=10000,,Review monetary purpose and activity composition. Collect dated collateral eligibility and daily collateral balances.,Network activity does not establish payment use.,
crypto_zec,2026-05-25,2026-08-22,90,90,90,4071.5,3547.0,89,0,0,complete,https://community-api.coinmetrics.io/v4/timeseries/asset-metrics?assets=zec&metrics=AdrActCnt%2CTxCnt&frequency=1d&start_time=2026-05-25&end_time=2026-08-22&page_size=10000,,Review monetary purpose and activity composition. Collect dated collateral eligibility and daily collateral balances.,Network activity does not establish payment use.,
crypto_hype,2026-05-25,2026-08-22,90,0,0,,,89,0,0,missing,,,Collect missing activity measures. Collect dated collateral eligibility and daily collateral balances.,Network activity does not establish payment use.,Not listed for these metrics in the public daily catalog.
crypto_xmr,2026-05-25,2026-08-22,90,0,90,,27995.5,89,0,0,partial,https://community-api.coinmetrics.io/v4/timeseries/asset-metrics?assets=xmr&metrics=TxCnt&frequency=1d&start_time=2026-05-25&end_time=2026-08-22&page_size=10000,,Collect missing activity measures. Collect dated collateral eligibility and daily collateral balances.,Network activity does not establish payment use.,Active-address metric unavailable for XMR.
crypto_ton,2026-05-25,2026-08-22,90,0,0,,,0,0,0,missing,,,Collect missing activity measures. Collect dated collateral eligibility and daily collateral balances.,Network activity does not establish payment use.,Not listed for these metrics in the public daily catalog.
crypto_tao,2026-05-25,2026-08-22,90,0,0,,,89,0,0,missing,,,Collect missing activity measures. Collect dated collateral eligibility and daily collateral balances.,Network activity does not establish payment use.,Not listed for these metrics in the public daily catalog.
crypto_pol,2026-05-25,2026-08-22,90,0,0,,,89,0,44,missing,,,Collect missing activity measures. Collect dated collateral eligibility and daily collateral balances.,Network activity does not establish payment use.,Not listed for these metrics in the public daily catalog.
