asset_id,date,bsc_block,listed,collateral_factor_mantissa,collateral_factor,collateral_enabled,materiality_pass,classification_day_pass
crypto_bnb,2026-05-25,100344032,1,800000000000000000,0.8,1,1,1
crypto_bnb,2026-05-26,100535786,1,800000000000000000,0.8,1,1,1
crypto_bnb,2026-05-27,100727564,1,800000000000000000,0.8,1,1,1
crypto_bnb,2026-05-28,100918890,1,800000000000000000,0.8,1,1,1
crypto_bnb,2026-05-29,101110639,1,800000000000000000,0.8,1,1,1
crypto_bnb,2026-05-30,101302425,1,800000000000000000,0.8,1,1,1
crypto_bnb,2026-05-31,101494230,1,800000000000000000,0.8,1,1,1
crypto_bnb,2026-06-01,101685967,1,800000000000000000,0.8,1,1,1
crypto_bnb,2026-06-02,101877228,1,800000000000000000,0.8,1,1,1
crypto_bnb,2026-06-03,102068977,1,800000000000000000,0.8,1,1,1
crypto_bnb,2026-06-04,102260708,1,800000000000000000,0.8,1,1,1
crypto_bnb,2026-06-05,102452460,1,800000000000000000,0.8,1,1,1
crypto_bnb,2026-06-06,102644168,1,800000000000000000,0.8,1,1,1
crypto_bnb,2026-06-07,102835967,1,800000000000000000,0.8,1,1,1
crypto_bnb,2026-06-08,103027704,1,800000000000000000,0.8,1,1,1
crypto_bnb,2026-06-09,103219470,1,800000000000000000,0.8,1,1,1
crypto_bnb,2026-06-10,103411166,1,800000000000000000,0.8,1,1,1
crypto_bnb,2026-06-11,103602928,1,800000000000000000,0.8,1,1,1
crypto_bnb,2026-06-12,103794674,1,800000000000000000,0.8,1,1,1
crypto_bnb,2026-06-13,103986622,1,800000000000000000,0.8,1,1,1
crypto_bnb,2026-06-14,104178575,1,800000000000000000,0.8,1,1,1
crypto_bnb,2026-06-15,104370525,1,800000000000000000,0.8,1,1,1
crypto_bnb,2026-06-16,104562473,1,800000000000000000,0.8,1,1,1
crypto_bnb,2026-06-17,104754414,1,800000000000000000,0.8,1,1,1
crypto_bnb,2026-06-18,104946353,1,800000000000000000,0.8,1,1,1
crypto_bnb,2026-06-19,105138294,1,800000000000000000,0.8,1,1,1
crypto_bnb,2026-06-20,105330251,1,800000000000000000,0.8,1,1,1
crypto_bnb,2026-06-21,105521765,1,800000000000000000,0.8,1,1,1
crypto_bnb,2026-06-22,105713684,1,800000000000000000,0.8,1,1,1
crypto_bnb,2026-06-23,105905640,1,800000000000000000,0.8,1,1,1
crypto_bnb,2026-06-24,106097583,1,800000000000000000,0.8,1,1,1
crypto_bnb,2026-06-25,106289527,1,800000000000000000,0.8,1,1,1
crypto_bnb,2026-06-26,106481462,1,800000000000000000,0.8,1,1,1
crypto_bnb,2026-06-27,106673417,1,800000000000000000,0.8,1,1,1
crypto_bnb,2026-06-28,106865342,1,800000000000000000,0.8,1,1,1
crypto_bnb,2026-06-29,107057294,1,800000000000000000,0.8,1,1,1
crypto_bnb,2026-06-30,107249160,1,800000000000000000,0.8,1,1,1
crypto_bnb,2026-07-01,107441112,1,800000000000000000,0.8,1,1,1
crypto_bnb,2026-07-02,107632996,1,800000000000000000,0.8,1,1,1
crypto_bnb,2026-07-03,107824945,1,800000000000000000,0.8,1,1,1
crypto_bnb,2026-07-04,108016890,1,800000000000000000,0.8,1,1,1
crypto_bnb,2026-07-05,108208836,1,800000000000000000,0.8,1,1,1
crypto_bnb,2026-07-06,108400785,1,800000000000000000,0.8,1,1,1
crypto_bnb,2026-07-07,108592139,1,800000000000000000,0.8,1,1,1
crypto_bnb,2026-07-08,108784019,1,800000000000000000,0.8,1,1,1
crypto_bnb,2026-07-09,108975961,1,800000000000000000,0.8,1,1,1
crypto_bnb,2026-07-10,109167892,1,800000000000000000,0.8,1,1,1
crypto_bnb,2026-07-11,109359851,1,800000000000000000,0.8,1,1,1
crypto_bnb,2026-07-12,109551809,1,800000000000000000,0.8,1,1,1
crypto_bnb,2026-07-13,109743769,1,800000000000000000,0.8,1,1,1
crypto_bnb,2026-07-14,109935711,1,800000000000000000,0.8,1,1,1
crypto_bnb,2026-07-15,110127656,1,800000000000000000,0.8,1,1,1
crypto_bnb,2026-07-16,110319593,1,800000000000000000,0.8,1,1,1
crypto_bnb,2026-07-17,110511538,1,800000000000000000,0.8,1,1,1
crypto_bnb,2026-07-18,110703479,1,800000000000000000,0.8,1,1,1
crypto_bnb,2026-07-19,110895423,1,800000000000000000,0.8,1,1,1
crypto_bnb,2026-07-20,111087349,1,800000000000000000,0.8,1,1,1
crypto_bnb,2026-07-21,111279310,1,800000000000000000,0.8,1,1,1
crypto_bnb,2026-07-22,111471034,1,800000000000000000,0.8,1,1,1
crypto_bnb,2026-07-23,111662920,1,800000000000000000,0.8,1,1,1
crypto_bnb,2026-07-24,111854752,1,800000000000000000,0.8,1,1,1
crypto_bnb,2026-07-25,112046709,1,800000000000000000,0.8,1,1,1
crypto_bnb,2026-07-26,112238651,1,800000000000000000,0.8,1,1,1
crypto_bnb,2026-07-27,112430372,1,800000000000000000,0.8,1,1,1
crypto_bnb,2026-07-28,112622266,1,800000000000000000,0.8,1,1,1
crypto_bnb,2026-07-29,112814165,1,800000000000000000,0.8,1,1,1
crypto_bnb,2026-07-30,113006071,1,800000000000000000,0.8,1,1,1
crypto_bnb,2026-07-31,113198040,1,800000000000000000,0.8,1,1,1
crypto_bnb,2026-08-01,113389964,1,800000000000000000,0.8,1,1,1
crypto_bnb,2026-08-02,113581933,1,800000000000000000,0.8,1,1,1
crypto_bnb,2026-08-03,113773876,1,800000000000000000,0.8,1,1,1
crypto_bnb,2026-08-04,113965841,1,800000000000000000,0.8,1,1,1
crypto_bnb,2026-08-05,114157805,1,800000000000000000,0.8,1,1,1
crypto_bnb,2026-08-06,114349482,1,800000000000000000,0.8,1,1,1
crypto_bnb,2026-08-07,114541182,1,800000000000000000,0.8,1,1,1
crypto_bnb,2026-08-08,114733119,1,800000000000000000,0.8,1,1,1
crypto_bnb,2026-08-09,114925082,1,800000000000000000,0.8,1,1,1
crypto_bnb,2026-08-10,115117029,1,800000000000000000,0.8,1,1,1
crypto_bnb,2026-08-11,115308932,1,800000000000000000,0.8,1,1,1
crypto_bnb,2026-08-12,115500868,1,800000000000000000,0.8,1,1,1
crypto_bnb,2026-08-13,115692814,1,800000000000000000,0.8,1,1,1
crypto_bnb,2026-08-14,115884723,1,800000000000000000,0.8,1,1,1
crypto_bnb,2026-08-15,116076665,1,800000000000000000,0.8,1,1,1
crypto_bnb,2026-08-16,116268626,1,800000000000000000,0.8,1,1,1
crypto_bnb,2026-08-17,116460571,1,800000000000000000,0.8,1,1,1
crypto_bnb,2026-08-18,116652522,1,800000000000000000,0.8,1,1,1
crypto_bnb,2026-08-19,116844486,1,800000000000000000,0.8,1,1,1
crypto_bnb,2026-08-20,117036418,1,800000000000000000,0.8,1,1,1
crypto_bnb,2026-08-21,117228357,1,800000000000000000,0.8,1,1,1
crypto_bnb,2026-08-22,117420293,1,800000000000000000,0.8,1,1,1
