asset_id,reserve_symbol,date,ethereum_block,ltv_bps,liquidation_threshold_bps,liquidation_bonus_bps,decimals,active,frozen,paused,collateral_enabled
crypto_btc,WBTC,2026-05-25,25172180,7300,7800,10500,8,1,0,0,1
crypto_eth,WETH,2026-05-25,25172180,8050,8300,10500,18,1,0,0,1
crypto_btc,WBTC,2026-05-26,25179351,7300,7800,10500,8,1,0,0,1
crypto_eth,WETH,2026-05-26,25179351,8050,8300,10500,18,1,0,0,1
crypto_btc,WBTC,2026-05-27,25186530,7300,7800,10500,8,1,0,0,1
crypto_eth,WETH,2026-05-27,25186530,8050,8300,10500,18,1,0,0,1
crypto_btc,WBTC,2026-05-28,25193704,7300,7800,10500,8,1,0,0,1
crypto_eth,WETH,2026-05-28,25193704,8050,8300,10500,18,1,0,0,1
crypto_btc,WBTC,2026-05-29,25200882,7300,7800,10500,8,1,0,0,1
crypto_eth,WETH,2026-05-29,25200882,8050,8300,10500,18,1,0,0,1
crypto_btc,WBTC,2026-05-30,25208048,7300,7800,10500,8,1,0,0,1
crypto_eth,WETH,2026-05-30,25208048,8050,8300,10500,18,1,0,0,1
crypto_btc,WBTC,2026-05-31,25215210,7300,7800,10500,8,1,0,0,1
crypto_eth,WETH,2026-05-31,25215210,8050,8300,10500,18,1,0,0,1
crypto_btc,WBTC,2026-06-01,25222382,7300,7800,10500,8,1,0,0,1
crypto_eth,WETH,2026-06-01,25222382,8050,8300,10500,18,1,0,0,1
crypto_btc,WBTC,2026-06-02,25229556,7300,7800,10500,8,1,0,0,1
crypto_eth,WETH,2026-06-02,25229556,8050,8300,10500,18,1,0,0,1
crypto_btc,WBTC,2026-06-03,25236724,7300,7800,10500,8,1,0,0,1
crypto_eth,WETH,2026-06-03,25236724,8050,8300,10500,18,1,0,0,1
crypto_btc,WBTC,2026-06-04,25243884,7300,7800,10500,8,1,0,0,1
crypto_eth,WETH,2026-06-04,25243884,8050,8300,10500,18,1,0,0,1
crypto_btc,WBTC,2026-06-05,25251034,7300,7800,10500,8,1,0,0,1
crypto_eth,WETH,2026-06-05,25251034,8050,8300,10500,18,1,0,0,1
crypto_btc,WBTC,2026-06-06,25258205,7300,7800,10500,8,1,0,0,1
crypto_eth,WETH,2026-06-06,25258205,8050,8300,10500,18,1,0,0,1
crypto_btc,WBTC,2026-06-07,25265377,7300,7800,10500,8,1,0,0,1
crypto_eth,WETH,2026-06-07,25265377,8050,8300,10500,18,1,0,0,1
crypto_btc,WBTC,2026-06-08,25272553,7300,7800,10500,8,1,0,0,1
crypto_eth,WETH,2026-06-08,25272553,8050,8300,10500,18,1,0,0,1
crypto_btc,WBTC,2026-06-09,25279728,7300,7800,10500,8,1,0,0,1
crypto_eth,WETH,2026-06-09,25279728,8050,8300,10500,18,1,0,0,1
crypto_btc,WBTC,2026-06-10,25286908,7300,7800,10500,8,1,0,0,1
crypto_eth,WETH,2026-06-10,25286908,8050,8300,10500,18,1,0,0,1
crypto_btc,WBTC,2026-06-11,25294077,7300,7800,10500,8,1,0,0,1
crypto_eth,WETH,2026-06-11,25294077,8050,8300,10500,18,1,0,0,1
crypto_btc,WBTC,2026-06-12,25301246,7300,7800,10500,8,1,0,0,1
crypto_eth,WETH,2026-06-12,25301246,8050,8300,10500,18,1,0,0,1
crypto_btc,WBTC,2026-06-13,25308417,7300,7800,10500,8,1,0,0,1
crypto_eth,WETH,2026-06-13,25308417,8050,8300,10500,18,1,0,0,1
crypto_btc,WBTC,2026-06-14,25315586,7300,7800,10500,8,1,0,0,1
crypto_eth,WETH,2026-06-14,25315586,8050,8300,10500,18,1,0,0,1
crypto_btc,WBTC,2026-06-15,25322761,7300,7800,10500,8,1,0,0,1
crypto_eth,WETH,2026-06-15,25322761,8050,8300,10500,18,1,0,0,1
crypto_btc,WBTC,2026-06-16,25329941,7300,7800,10500,8,1,0,0,1
crypto_eth,WETH,2026-06-16,25329941,8050,8300,10500,18,1,0,0,1
crypto_btc,WBTC,2026-06-17,25337126,7300,7800,10500,8,1,0,0,1
crypto_eth,WETH,2026-06-17,25337126,8050,8300,10500,18,1,0,0,1
crypto_btc,WBTC,2026-06-18,25344309,7300,7800,10500,8,1,0,0,1
crypto_eth,WETH,2026-06-18,25344309,8050,8300,10500,18,1,0,0,1
crypto_btc,WBTC,2026-06-19,25351485,7300,7800,10500,8,1,0,0,1
crypto_eth,WETH,2026-06-19,25351485,8050,8300,10500,18,1,0,0,1
crypto_btc,WBTC,2026-06-20,25358659,7300,7800,10500,8,1,0,0,1
crypto_eth,WETH,2026-06-20,25358659,8050,8300,10500,18,1,0,0,1
crypto_btc,WBTC,2026-06-21,25365826,7300,7800,10500,8,1,0,0,1
crypto_eth,WETH,2026-06-21,25365826,8050,8300,10500,18,1,0,0,1
crypto_btc,WBTC,2026-06-22,25373001,7300,7800,10500,8,1,0,0,1
crypto_eth,WETH,2026-06-22,25373001,8050,8300,10500,18,1,0,0,1
crypto_btc,WBTC,2026-06-23,25380173,7300,7800,10500,8,1,0,0,1
crypto_eth,WETH,2026-06-23,25380173,8050,8300,10500,18,1,0,0,1
crypto_btc,WBTC,2026-06-24,25387334,7300,7800,10500,8,1,0,0,1
crypto_eth,WETH,2026-06-24,25387334,8050,8300,10500,18,1,0,0,1
crypto_btc,WBTC,2026-06-25,25394500,7300,7800,10500,8,1,0,0,1
crypto_eth,WETH,2026-06-25,25394500,8050,8300,10500,18,1,0,0,1
crypto_btc,WBTC,2026-06-26,25401666,7300,7800,10500,8,1,0,0,1
crypto_eth,WETH,2026-06-26,25401666,8050,8300,10500,18,1,0,0,1
crypto_btc,WBTC,2026-06-27,25408838,7300,7800,10500,8,1,0,0,1
crypto_eth,WETH,2026-06-27,25408838,8050,8300,10500,18,1,0,0,1
crypto_btc,WBTC,2026-06-28,25416017,7300,7800,10500,8,1,0,0,1
crypto_eth,WETH,2026-06-28,25416017,8050,8300,10500,18,1,0,0,1
crypto_btc,WBTC,2026-06-29,25423183,7300,7800,10500,8,1,0,0,1
crypto_eth,WETH,2026-06-29,25423183,8050,8300,10500,18,1,0,0,1
crypto_btc,WBTC,2026-06-30,25430355,7300,7800,10500,8,1,0,0,1
crypto_eth,WETH,2026-06-30,25430355,8050,8300,10500,18,1,0,0,1
crypto_btc,WBTC,2026-07-01,25437525,7300,7800,10500,8,1,0,0,1
crypto_eth,WETH,2026-07-01,25437525,8050,8300,10500,18,1,0,0,1
crypto_btc,WBTC,2026-07-02,25444688,7300,7800,10500,8,1,0,0,1
crypto_eth,WETH,2026-07-02,25444688,8050,8300,10500,18,1,0,0,1
crypto_btc,WBTC,2026-07-03,25451847,7300,7800,10500,8,1,0,0,1
crypto_eth,WETH,2026-07-03,25451847,8050,8300,10500,18,1,0,0,1
crypto_btc,WBTC,2026-07-04,25459020,7300,7800,10500,8,1,0,0,1
crypto_eth,WETH,2026-07-04,25459020,8050,8300,10500,18,1,0,0,1
crypto_btc,WBTC,2026-07-05,25466182,7300,7800,10500,8,1,0,0,1
crypto_eth,WETH,2026-07-05,25466182,8050,8300,10500,18,1,0,0,1
crypto_btc,WBTC,2026-07-06,25473353,7300,7800,10500,8,1,0,0,1
crypto_eth,WETH,2026-07-06,25473353,8050,8300,10500,18,1,0,0,1
crypto_btc,WBTC,2026-07-07,25480530,7300,7800,10500,8,1,0,0,1
crypto_eth,WETH,2026-07-07,25480530,8050,8300,10500,18,1,0,0,1
crypto_btc,WBTC,2026-07-08,25487710,7300,7800,10500,8,1,0,0,1
crypto_eth,WETH,2026-07-08,25487710,8050,8300,10500,18,1,0,0,1
crypto_btc,WBTC,2026-07-09,25494884,7300,7800,10500,8,1,0,0,1
crypto_eth,WETH,2026-07-09,25494884,8050,8300,10500,18,1,0,0,1
crypto_btc,WBTC,2026-07-10,25502048,7300,7800,10500,8,1,0,0,1
crypto_eth,WETH,2026-07-10,25502048,8050,8300,10500,18,1,0,0,1
crypto_btc,WBTC,2026-07-11,25509231,7300,7800,10500,8,1,0,0,1
crypto_eth,WETH,2026-07-11,25509231,8050,8300,10500,18,1,0,0,1
crypto_btc,WBTC,2026-07-12,25516401,7300,7800,10500,8,1,0,0,1
crypto_eth,WETH,2026-07-12,25516401,8050,8300,10500,18,1,0,0,1
crypto_btc,WBTC,2026-07-13,25523567,7300,7800,10500,8,1,0,0,1
crypto_eth,WETH,2026-07-13,25523567,8050,8300,10500,18,1,0,0,1
crypto_btc,WBTC,2026-07-14,25530743,7300,7800,10500,8,1,0,0,1
crypto_eth,WETH,2026-07-14,25530743,8050,8300,10500,18,1,0,0,1
crypto_btc,WBTC,2026-07-15,25537916,7300,7800,10500,8,1,0,0,1
crypto_eth,WETH,2026-07-15,25537916,8050,8300,10500,18,1,0,0,1
crypto_btc,WBTC,2026-07-16,25545088,7300,7800,10500,8,1,0,0,1
crypto_eth,WETH,2026-07-16,25545088,8050,8300,10500,18,1,0,0,1
crypto_btc,WBTC,2026-07-17,25552267,7300,7800,10500,8,1,0,0,1
crypto_eth,WETH,2026-07-17,25552267,8050,8300,10500,18,1,0,0,1
crypto_btc,WBTC,2026-07-18,25559447,7300,7800,10500,8,1,0,0,1
crypto_eth,WETH,2026-07-18,25559447,8050,8300,10500,18,1,0,0,1
crypto_btc,WBTC,2026-07-19,25566615,7300,7800,10500,8,1,0,0,1
crypto_eth,WETH,2026-07-19,25566615,8050,8300,10500,18,1,0,0,1
crypto_btc,WBTC,2026-07-20,25573787,7300,7800,10500,8,1,0,0,1
crypto_eth,WETH,2026-07-20,25573787,8050,8300,10500,18,1,0,0,1
crypto_btc,WBTC,2026-07-21,25580957,7300,7800,10500,8,1,0,0,1
crypto_eth,WETH,2026-07-21,25580957,8050,8300,10500,18,1,0,0,1
crypto_btc,WBTC,2026-07-22,25588132,7300,7800,10500,8,1,0,0,1
crypto_eth,WETH,2026-07-22,25588132,8050,8300,10500,18,1,0,0,1
crypto_btc,WBTC,2026-07-23,25595292,7300,7800,10500,8,1,0,0,1
crypto_eth,WETH,2026-07-23,25595292,8050,8300,10500,18,1,0,0,1
crypto_btc,WBTC,2026-07-24,25602459,7300,7800,10500,8,1,0,0,1
crypto_eth,WETH,2026-07-24,25602459,8050,8300,10500,18,1,0,0,1
crypto_btc,WBTC,2026-07-25,25609643,7300,7800,10500,8,1,0,0,1
crypto_eth,WETH,2026-07-25,25609643,8050,8300,10500,18,1,0,0,1
crypto_btc,WBTC,2026-07-26,25616825,7300,7800,10500,8,1,0,0,1
crypto_eth,WETH,2026-07-26,25616825,8050,8300,10500,18,1,0,0,1
crypto_btc,WBTC,2026-07-27,25624004,7300,7800,10500,8,1,0,0,1
crypto_eth,WETH,2026-07-27,25624004,8050,8300,10500,18,1,0,0,1
crypto_btc,WBTC,2026-07-28,25631179,7300,7800,10500,8,1,0,0,1
crypto_eth,WETH,2026-07-28,25631179,8050,8300,10500,18,1,0,0,1
crypto_btc,WBTC,2026-07-29,25638350,7300,7800,10500,8,1,0,0,1
crypto_eth,WETH,2026-07-29,25638350,8050,8300,10500,18,1,0,0,1
crypto_btc,WBTC,2026-07-30,25645533,7300,7800,10500,8,1,0,0,1
crypto_eth,WETH,2026-07-30,25645533,8050,8300,10500,18,1,0,0,1
crypto_btc,WBTC,2026-07-31,25652701,7300,7800,10500,8,1,0,0,1
crypto_eth,WETH,2026-07-31,25652701,8050,8300,10500,18,1,0,0,1
crypto_btc,WBTC,2026-08-01,25659884,7300,7800,10500,8,1,0,0,1
crypto_eth,WETH,2026-08-01,25659884,8050,8300,10500,18,1,0,0,1
crypto_btc,WBTC,2026-08-02,25667059,7300,7800,10500,8,1,0,0,1
crypto_eth,WETH,2026-08-02,25667059,8050,8300,10500,18,1,0,0,1
crypto_btc,WBTC,2026-08-03,25674228,7300,7800,10500,8,1,0,0,1
crypto_eth,WETH,2026-08-03,25674228,8050,8300,10500,18,1,0,0,1
crypto_btc,WBTC,2026-08-04,25681410,7300,7800,10500,8,1,0,0,1
crypto_eth,WETH,2026-08-04,25681410,8050,8300,10500,18,1,0,0,1
crypto_btc,WBTC,2026-08-05,25688585,7300,7800,10500,8,1,0,0,1
crypto_eth,WETH,2026-08-05,25688585,8050,8300,10500,18,1,0,0,1
crypto_btc,WBTC,2026-08-06,25695768,7300,7800,10500,8,1,0,0,1
crypto_eth,WETH,2026-08-06,25695768,8050,8300,10500,18,1,0,0,1
crypto_btc,WBTC,2026-08-07,25702948,7300,7800,10500,8,1,0,0,1
crypto_eth,WETH,2026-08-07,25702948,8050,8300,10500,18,1,0,0,1
crypto_btc,WBTC,2026-08-08,25710102,7300,7800,10500,8,1,0,0,1
crypto_eth,WETH,2026-08-08,25710102,8050,8300,10500,18,1,0,0,1
crypto_btc,WBTC,2026-08-09,25717281,7300,7800,10500,8,1,0,0,1
crypto_eth,WETH,2026-08-09,25717281,8050,8300,10500,18,1,0,0,1
crypto_btc,WBTC,2026-08-10,25724455,7300,7800,10500,8,1,0,0,1
crypto_eth,WETH,2026-08-10,25724455,8050,8300,10500,18,1,0,0,1
crypto_btc,WBTC,2026-08-11,25731615,7300,7800,10500,8,1,0,0,1
crypto_eth,WETH,2026-08-11,25731615,8050,8300,10500,18,1,0,0,1
crypto_btc,WBTC,2026-08-12,25738777,7300,7800,10500,8,1,0,0,1
crypto_eth,WETH,2026-08-12,25738777,8050,8300,10500,18,1,0,0,1
crypto_btc,WBTC,2026-08-13,25745957,7300,7800,10500,8,1,0,0,1
crypto_eth,WETH,2026-08-13,25745957,8050,8300,10500,18,1,0,0,1
crypto_btc,WBTC,2026-08-14,25753134,7300,7800,10500,8,1,0,0,1
crypto_eth,WETH,2026-08-14,25753134,8050,8300,10500,18,1,0,0,1
crypto_btc,WBTC,2026-08-15,25760305,7300,7800,10500,8,1,0,0,1
crypto_eth,WETH,2026-08-15,25760305,8050,8300,10500,18,1,0,0,1
crypto_btc,WBTC,2026-08-16,25767480,7300,7800,10500,8,1,0,0,1
crypto_eth,WETH,2026-08-16,25767480,8050,8300,10500,18,1,0,0,1
crypto_btc,WBTC,2026-08-17,25774663,7300,7800,10500,8,1,0,0,1
crypto_eth,WETH,2026-08-17,25774663,8050,8300,10500,18,1,0,0,1
crypto_btc,WBTC,2026-08-18,25781833,7300,7800,10500,8,1,0,0,1
crypto_eth,WETH,2026-08-18,25781833,8050,8300,10500,18,1,0,0,1
crypto_btc,WBTC,2026-08-19,25789015,7300,7800,10500,8,1,0,0,1
crypto_eth,WETH,2026-08-19,25789015,8050,8300,10500,18,1,0,0,1
crypto_btc,WBTC,2026-08-20,25796189,7300,7800,10500,8,1,0,0,1
crypto_eth,WETH,2026-08-20,25796189,8050,8300,10500,18,1,0,0,1
crypto_btc,WBTC,2026-08-21,25803369,7300,7800,10500,8,1,0,0,1
crypto_eth,WETH,2026-08-21,25803369,8050,8300,10500,18,1,0,0,1
crypto_btc,WBTC,2026-08-22,25810546,7300,7800,10500,8,1,0,0,1
crypto_eth,WETH,2026-08-22,25810546,8050,8300,10500,18,1,0,0,1
