asset_id,code,status,recommended_value,source_url,source_date,date_basis,rationale,provisional_value,verified_matches_design
crypto_btc,VA_MONETARY,verified,1,https://bitcoin.org/en/bitcoin-core/2016-01-07-statement,2016-01-07,published,Bitcoin's peer-to-peer electronic-cash design and 90 days of material address and transaction activity satisfy two independent monetary-use tests.,1,1
crypto_btc,VA_BURN,verified,0,https://developer.bitcoin.org/devguide/transactions.html,2026-08-22,retrieved_as_of,The reviewed live fee mechanism transfers transaction fees to miners; it does not irreversibly destroy them under a rules-based burn mechanism.,0,1
crypto_btc,VA_PROTOCOL,verified,0,https://developer.bitcoin.org/devguide/transactions.html,2026-08-22,retrieved_as_of,"Transaction fees accrue to miners for block production, not to token holders through a holder-value or governed treasury route.",0,1
crypto_btc,VA_COLLATERAL,verified,1,https://eth-mainnet.public.blastapi.io,2026-08-22,effective,"WBTC passed the 90-day material-balance screen and daily historical Aave Pool configuration reads showed 7,300 bps LTV, active, and unpaused on all 90 days. Block and RPC provenance is archived locally.",1,1
crypto_eth,VA_MONETARY,verified,1,https://ethereum.org/what-is-ether/,2026-07-21,published,Ethereum's documented digital-money/payment role and 90 days of material address and transaction activity satisfy two independent monetary-use tests.,1,1
crypto_eth,VA_BURN,verified,1,https://eips.ethereum.org/EIPS/eip-1559,2019-04-13,created,EIP-1559 requires the Ethereum base fee to be burned.,1,1
crypto_eth,VA_PROTOCOL,verified,1,https://eips.ethereum.org/EIPS/eip-1559,2019-04-13,created,The live usage-linked burn is a qualifying protocol-surplus route under the project rule.,1,1
crypto_eth,VA_COLLATERAL,verified,1,https://eth-mainnet.public.blastapi.io,2026-08-22,effective,"WETH passed the 90-day material-balance screen and daily historical Aave Pool configuration reads showed 8,050 bps LTV, active, and unpaused on all 90 days. Block and RPC provenance is archived locally.",1,1
crypto_bnb,VA_MONETARY,pending_quantitative_behavior,,https://docs.bnbchain.org/,2026-08-22,retrieved_as_of,Gas and ecosystem utility do not automatically establish monetary use.,0,
crypto_bnb,VA_BURN,verified,1,https://www.bnbchain.org/en/blog/22nd-bnb-burn,2023-01-17,published,BNB Chain documents completed Auto-Burn and live gas-fee burning.,1,1
crypto_bnb,VA_PROTOCOL,verified,1,https://www.bnbchain.org/en/blog/introducing-bep-95-with-a-real-time-burning-mechanism,2021-10-22,published,"BEP-95 links network gas activity to token burning, satisfying the project capture rule.",1,1
crypto_bnb,VA_COLLATERAL,pending_quantitative_threshold,,https://docs.bnbchain.org/,2026-08-22,retrieved_as_of,Requires collateral TVL and 90-day persistence data.,1,
crypto_uni,VA_MONETARY,verified,0,https://docs.uniswap.org/concepts/governance/overview,2026-08-22,retrieved_as_of,"Complete 90-day activity remains below the materiality threshold, while primary documentation defines governance rather than money, payment, settlement, or reserve functions.",0,1
crypto_uni,VA_BURN,verified,1,https://gov.uniswap.org/t/temp-check-activate-v4-protocol-fees/26162,2026-07-07,published,The governance record states protocol fees and UNI burning are live across v2/v3 deployments.,1,1
crypto_uni,VA_PROTOCOL,verified,1,https://gov.uniswap.org/t/temp-check-activate-v4-protocol-fees/26162,2026-07-07,published,"Live protocol fees are converted into UNI burns, qualifying as active protocol capture.",1,1
crypto_uni,VA_COLLATERAL,verified,0,https://docs.llama.fi/,2026-08-22,effective,"UNI remained below both the $100 million and 1%-of-market-cap thresholds on every day of the complete 90-day window across the eight-protocol, chain-relevant lending sample. Frozen provider responses and daily calculations are archived locally.",0,1
crypto_aave,VA_MONETARY,verified,0,https://aave.com/help/aave-101/introduction-to-aave,2026-08-22,retrieved_as_of,"Complete 90-day activity remains below the materiality threshold, while primary documentation defines governance and security rather than money, payment, settlement, or reserve functions.",0,1
crypto_aave,VA_BURN,verified,0,https://governance.aave.com/t/arfc-pause-aave-buybacks/24686,2026-04-22,published,"The reviewed mechanism was a buyback rather than irreversible burn, and buybacks were paused effective April 19, 2026.",0,1
crypto_aave,VA_PROTOCOL,verified,0,https://governance.aave.com/t/arfc-pause-aave-buybacks/24686,2026-04-22,published,"Protocol-funded AAVE buybacks were paused effective April 19, 2026, so no active holder-value route qualifies at the August 22 observation date; the mechanism remains a protocol option.",0,1
crypto_aave,VA_COLLATERAL,verified,1,https://eth-mainnet.public.blastapi.io,2026-08-22,effective,"AAVE passed the 90-day material-balance screen and new immutable daily historical Aave Pool configuration reads showed positive LTV, active, and unpaused status on all 90 days. Block and RPC provenance is archived locally.",1,1
crypto_arb,VA_MONETARY,verified,0,https://docs.arbitrum.foundation/concepts/arbitrumdao-governance,2026-08-22,retrieved_as_of,"Official documentation defines ARB governance rights and Arbitrum fees are paid in ETH. Generic transferability or chain activity cannot substitute for a verified money, payment, settlement, or reserve function.",0,1
crypto_arb,VA_BURN,verified,0,https://github.com/ArbitrumFoundation/governance,2026-08-22,retrieved_as_of,Review of the official governance-token implementation and allocation workflow found no live automatic rules-based ARB burn mechanism.,0,1
crypto_arb,VA_PROTOCOL,verified,1,https://docs.arbitrum.foundation/assets/files/ArbitrumFoundationTransparencyReport2025-3ac117dd3203dbe7bca401cf951f0c14.pdf,2026-03-01,published,"ArbitrumDAO receives transaction-fee and other network revenue, while ARB tokenholders exercise binding governance over the DAO and its treasury; this is an indirect governed-treasury capture route under the codebook.",1,1
crypto_arb,VA_COLLATERAL,verified,0,https://api.coinpaprika.com/v1/tickers/arb-arbitrum/historical,2026-08-22,effective,ARB remained below both the $100 million and 1%-of-market-cap thresholds on all 90 days across the complete eight-protocol lending screen. The previously missing final-day market cap was obtained directly from CoinPaprika without interpolation; provider responses and calculations are archived locally.,0,1
