asset_id,code,positive_rule,negative_rule,required_evidence,reviewer_value,source_url,source_date,date_basis,reviewer,rationale
crypto_btc,VA_GAS,"Protocol rules require the asset to pay ordinary transaction, execution, storage, or blockspace fees.","Native denomination, optional tips, fee discounts, or automatic conversion do not qualify unless the asset is protocol-required at settlement.",Effective-dated protocol documentation or executable fee rules.,,,,,,
crypto_btc,VA_SCARCITY,A credible enforceable issuance cap or terminal-supply rule constrains long-run supply.,"A discretionary target, burn mechanism alone, or currently low issuance does not qualify.",Protocol issuance specification and governance/change authority.,,,,,,
crypto_btc,VA_UTILITY,The asset is required or materially privileged for consuming a non-governance network or application service.,"Tradability, collateral use, incentives, or generic ecosystem branding alone do not qualify.",Product or protocol rules showing required or privileged consumption use.,,,,,,
crypto_btc,VA_INCENTIVE,"A separable active rules-based program distributes the asset to subsidize liquidity, usage, development, or other participation.","Consensus staking issuance, historical distributions, discretionary grants, and inactive programs do not qualify.","Effective-dated emissions, rewards, or distribution rules and active status.",,,,,,
crypto_eth,VA_SCARCITY,A credible enforceable issuance cap or terminal-supply rule constrains long-run supply.,"A discretionary target, burn mechanism alone, or currently low issuance does not qualify.",Protocol issuance specification and governance/change authority.,,,,,,
crypto_eth,VA_UTILITY,The asset is required or materially privileged for consuming a non-governance network or application service.,"Tradability, collateral use, incentives, or generic ecosystem branding alone do not qualify.",Product or protocol rules showing required or privileged consumption use.,,,,,,
crypto_eth,VA_INCENTIVE,"A separable active rules-based program distributes the asset to subsidize liquidity, usage, development, or other participation.","Consensus staking issuance, historical distributions, discretionary grants, and inactive programs do not qualify.","Effective-dated emissions, rewards, or distribution rules and active status.",,,,,,
crypto_bnb,VA_SCARCITY,A credible enforceable issuance cap or terminal-supply rule constrains long-run supply.,"A discretionary target, burn mechanism alone, or currently low issuance does not qualify.",Protocol issuance specification and governance/change authority.,,,,,,
crypto_bnb,VA_UTILITY,The asset is required or materially privileged for consuming a non-governance network or application service.,"Tradability, collateral use, incentives, or generic ecosystem branding alone do not qualify.",Product or protocol rules showing required or privileged consumption use.,,,,,,
crypto_bnb,VA_INCENTIVE,"A separable active rules-based program distributes the asset to subsidize liquidity, usage, development, or other participation.","Consensus staking issuance, historical distributions, discretionary grants, and inactive programs do not qualify.","Effective-dated emissions, rewards, or distribution rules and active status.",,,,,,
crypto_uni,VA_STAKE,"Locking or delegating the asset is required for consensus, service security, or protocol risk absorption and exposes capital to protocol-defined consequences.","Passive yield, liquidity provision, or governance escrow without a security function does not qualify.",Effective staking/slashing or security-module rules plus activation status.,,,,,,
crypto_uni,VA_SCARCITY,A credible enforceable issuance cap or terminal-supply rule constrains long-run supply.,"A discretionary target, burn mechanism alone, or currently low issuance does not qualify.",Protocol issuance specification and governance/change authority.,,,,,,
crypto_uni,VA_UTILITY,The asset is required or materially privileged for consuming a non-governance network or application service.,"Tradability, collateral use, incentives, or generic ecosystem branding alone do not qualify.",Product or protocol rules showing required or privileged consumption use.,,,,,,
crypto_uni,VA_INCENTIVE,"A separable active rules-based program distributes the asset to subsidize liquidity, usage, development, or other participation.","Consensus staking issuance, historical distributions, discretionary grants, and inactive programs do not qualify.","Effective-dated emissions, rewards, or distribution rules and active status.",,,,,,
crypto_aave,VA_SCARCITY,A credible enforceable issuance cap or terminal-supply rule constrains long-run supply.,"A discretionary target, burn mechanism alone, or currently low issuance does not qualify.",Protocol issuance specification and governance/change authority.,,,,,,
crypto_aave,VA_UTILITY,The asset is required or materially privileged for consuming a non-governance network or application service.,"Tradability, collateral use, incentives, or generic ecosystem branding alone do not qualify.",Product or protocol rules showing required or privileged consumption use.,,,,,,
crypto_aave,VA_INCENTIVE,"A separable active rules-based program distributes the asset to subsidize liquidity, usage, development, or other participation.","Consensus staking issuance, historical distributions, discretionary grants, and inactive programs do not qualify.","Effective-dated emissions, rewards, or distribution rules and active status.",,,,,,
crypto_arb,VA_STAKE,"Locking or delegating the asset is required for consensus, service security, or protocol risk absorption and exposes capital to protocol-defined consequences.","Passive yield, liquidity provision, or governance escrow without a security function does not qualify.",Effective staking/slashing or security-module rules plus activation status.,,,,,,
crypto_arb,VA_SCARCITY,A credible enforceable issuance cap or terminal-supply rule constrains long-run supply.,"A discretionary target, burn mechanism alone, or currently low issuance does not qualify.",Protocol issuance specification and governance/change authority.,,,,,,
crypto_arb,VA_UTILITY,The asset is required or materially privileged for consuming a non-governance network or application service.,"Tradability, collateral use, incentives, or generic ecosystem branding alone do not qualify.",Product or protocol rules showing required or privileged consumption use.,,,,,,
crypto_arb,VA_INCENTIVE,"A separable active rules-based program distributes the asset to subsidize liquidity, usage, development, or other participation.","Consensus staking issuance, historical distributions, discretionary grants, and inactive programs do not qualify.","Effective-dated emissions, rewards, or distribution rules and active status.",,,,,,
