asset_id,dimension,evidence_class,source_title,source_url,publication_or_effective_date,locator,evidence_summary,limitations,rubric_0,rubric_1,rubric_2,rubric_3,rubric_4,reviewer_score_0_to_4,reviewer_confidence,reviewer_rationale,reviewer_name_or_id,review_date
stable_usdc,backing_quality,reserve_or_collateral_composition,Circle transparency and reserve reports,https://www.circle.com/transparency,2026-08-20,Reserves composition; How we manage USDC,"Circle reports that USDC reserves consist of bank deposits, short-dated US Treasuries, and overnight Treasury repos; most reserves are held through the Circle Reserve Fund and the balance is primarily cash at large banks.",Composition is issuer-reported and changes after the stated date. Exact weights must come from the dated reserve report used in estimation.,No credible backing mechanism or demonstrated insolvency.,"Weak, highly endogenous, opaque, or materially undercollateralized backing.","Mixed backing quality or material counterparty, market, duration, or valuation exposure.","Generally high-quality backing with identifiable concentration, custody, hedging, duration, or liquidity dependencies.","Predominantly cash, short sovereign instruments, or transparently overcollateralized liquid assets with strong asset-liability matching.",,,,,
stable_usdc,verification_quality,independent_assurance_or_onchain_verification,Circle transparency and reserve reports,https://www.circle.com/transparency,2026-08-20,Monthly assurance and transparency; Independently audited,"Circle identifies weekly reserve disclosures and monthly third-party assurance under AICPA attestation standards, and identifies Deloitte as its independent auditor.",An assurance engagement is narrower than a continuous audit and applies to the report date and criteria stated in the linked report.,No usable verification.,"Infrequent, aggregate, or weakly verifiable disclosure.",Regular detailed management reporting with limited independent verification.,"Quarterly independent assurance, custodian attestations, or onchain state with meaningful offchain verification gaps.",Monthly independent assurance or continuously reconstructible onchain assets and liabilities with strong coverage.,,,,,
stable_usdc,redemption_access_quality,redemption_terms_and_eligibility,USDC terms,https://www.circle.com/legal/usdc-terms,2025-12-12,USDC; Redeeming USDC; User Type A and User Type B,"Direct 1:1 redemption is contractual for eligible Circle Mint users with accounts in good standing, subject to possession, compliance, applicable law, and fees; other users must redeem through an eligible intermediary or obtain an eligible account.",Direct issuer redemption is not universally available to retail holders.,No credible primary conversion or redemption mechanism.,"High minimums, material fees, narrow eligibility, or substantial intermediation.","Direct redemption is institution-, customer-, jurisdiction-, or whitelist-limited, or material terms are undisclosed.","Direct par redemption is available after standard onboarding, with modest or incompletely disclosed friction.",Permissionless or broadly accessible par conversion with low or zero stated fees and no material minimum.,,,,,
stable_usdc,legal_protection_quality,segregation_legal_or_protocol_claim,Circle transparency and reserve reports,https://www.circle.com/transparency,2026-08-20,Stability you can trust; reserve-composition footnotes,"Circle states that USDC reserves are held separately from operating funds for the benefit of holders and describes custodial, separately managed, and money-market-fund arrangements used for reserve assets.","This is an issuer disclosure of structure, not an independent legal opinion about holder priority in every insolvency scenario.",No identifiable protection or claim.,Issuer beneficially owns reserves or terms materially disclaim holder property rights without equivalent protection.,"Custody or protocol separation is described, but holder priority and insolvency treatment remain unclear or indirect.",Segregated or protocol-controlled backing with meaningful protection but no direct claim to specific assets.,Segregation plus explicit holder-benefit or bankruptcy-remoteness protection and a strong enforceable claim.,,,,,
stable_usdc,operational_resilience,suspension_and_operational_constraints,USDC terms,https://www.circle.com/legal/usdc-terms,2025-12-12,"Suspension, termination, and service limitations; blockchain-network provisions","Circle may delay, reject, suspend, or terminate services for compliance, fraud, legal, security, or operational reasons; supported-network disruptions and forks can also impair transfers or redemptions.",The terms enumerate discretion and contingencies but do not provide probabilities or maximum delay durations.,Conversion is unavailable or the mechanism has failed.,Multiple concentrated dependencies or mechanisms capable of extended suspension under ordinary stress.,"Broad suspension rights or material dependence on issuer, custodian, exchange, oracle, API, cloud, or whitelist infrastructure.","Operationally robust route with standard compliance, governance, network, or liquidity constraints.",Multiple permissionless execution paths with narrow suspension powers and limited centralized dependencies.,,,,,
stable_usdt,backing_quality,reserve_or_collateral_composition,Tether transparency,https://tether.to/en/transparency/,2026-06-30,USDT Reports & Reserves; Q2 2026 Financial Figures and Reserves Report,Tether's dated reserve disclosure reports a diversified reserve pool and categorizes the assets supporting issued tokens; the associated Q2 disclosure states that assets exceeded token-related liabilities at the reporting date.,The reserve report is a consolidated point-in-time disclosure and includes entities identified in the report; it is not a continuously updated asset ledger.,No credible backing mechanism or demonstrated insolvency.,"Weak, highly endogenous, opaque, or materially undercollateralized backing.","Mixed backing quality or material counterparty, market, duration, or valuation exposure.","Generally high-quality backing with identifiable concentration, custody, hedging, duration, or liquidity dependencies.","Predominantly cash, short sovereign instruments, or transparently overcollateralized liquid assets with strong asset-liability matching.",,,,,
stable_usdt,verification_quality,independent_assurance_or_onchain_verification,Tether transparency,https://tether.to/en/transparency/,2026-06-30,USDT Reports & Reserves; Q2 2026 independent assurance report,Tether publishes quarterly reserve reports with an independent accounting-firm assurance report; the Q2 2026 disclosure identifies BDO as the practitioner for the June 30 report.,"Quarter-end assurance is not continuous verification and is limited to the report's entities, criteria, and measurement date.",No usable verification.,"Infrequent, aggregate, or weakly verifiable disclosure.",Regular detailed management reporting with limited independent verification.,"Quarterly independent assurance, custodian attestations, or onchain state with meaningful offchain verification gaps.",Monthly independent assurance or continuously reconstructible onchain assets and liabilities with strong coverage.,,,,,
stable_usdt,redemption_access_quality,redemption_terms_and_eligibility,Tether International relevant information document,https://tether.to/public/Relevant_Information_Document_-_Tether_International%2C_S.A._de_C.V..pdf,2026-02-20,"Section 2.6, pp. 14-15; Section 6.3, p. 21","Issuer redemption is limited to approved KYC-verified customers, currently requires a $100,000 minimum, and carries the greater of a $1,000 or 0.1% fee; primary-market settlement is at face value less fees.","Secondary-market holders do not automatically have the same direct issuer relationship, and published fees may change.",No credible primary conversion or redemption mechanism.,"High minimums, material fees, narrow eligibility, or substantial intermediation.","Direct redemption is institution-, customer-, jurisdiction-, or whitelist-limited, or material terms are undisclosed.","Direct par redemption is available after standard onboarding, with modest or incompletely disclosed friction.",Permissionless or broadly accessible par conversion with low or zero stated fees and no material minimum.,,,,,
stable_usdt,legal_protection_quality,segregation_legal_or_protocol_claim,Tether International relevant information document,https://tether.to/public/Relevant_Information_Document_-_Tether_International%2C_S.A._de_C.V..pdf,2026-02-20,"Section 3 Safeguarding Arrangements, p. 16","Tether states that sale proceeds are held or invested in a reserve basket, primarily with banks and licensed financial institutions, to meet redemption requests; the document describes Tether's obligation to eligible primary-market customers but does not state a universal holder property claim over segregated assets.",The reviewed disclosure does not establish bankruptcy remoteness or a direct reserve claim for all secondary-market holders; this absence must remain visible in scoring.,No identifiable protection or claim.,Issuer beneficially owns reserves or terms materially disclaim holder property rights without equivalent protection.,"Custody or protocol separation is described, but holder priority and insolvency treatment remain unclear or indirect.",Segregated or protocol-controlled backing with meaningful protection but no direct claim to specific assets.,Segregation plus explicit holder-benefit or bankruptcy-remoteness protection and a strong enforceable claim.,,,,,
stable_usdt,operational_resilience,suspension_and_operational_constraints,Tether International relevant information document,https://tether.to/public/Relevant_Information_Document_-_Tether_International%2C_S.A._de_C.V..pdf,2026-02-20,"Section 2.7, pp. 15-16; Section 6.4, p. 22","Tether may reject onboarding and delay or suspend redemption for prohibited use, government direction, investigations, unauthorized-access concerns, fraud, theft, or other criminal activity; it may also freeze, burn, or block tokens under its terms.",The disclosure provides broad discretionary and legal triggers without maximum processing times.,Conversion is unavailable or the mechanism has failed.,Multiple concentrated dependencies or mechanisms capable of extended suspension under ordinary stress.,"Broad suspension rights or material dependence on issuer, custodian, exchange, oracle, API, cloud, or whitelist infrastructure.","Operationally robust route with standard compliance, governance, network, or liquidity constraints.",Multiple permissionless execution paths with narrow suspension powers and limited centralized dependencies.,,,,,
stable_pyusd,backing_quality,reserve_or_collateral_composition,Paxos US dollar-backed stablecoin terms,https://www.paxos.com/terms-and-conditions/stablecoin-terms-conditions,2026-06-30,Sections 1.1.1 and 3.1.2,"Paxos states that PYUSD is backed one-for-one by dollars in custodial accounts, short-dated U.S. government obligations, overnight reverse repos collateralized by those obligations, and qualifying government money-market funds.",The terms define permitted asset classes but exact point-in-time weights must come from the applicable monthly report.,No credible backing mechanism or demonstrated insolvency.,"Weak, highly endogenous, opaque, or materially undercollateralized backing.","Mixed backing quality or material counterparty, market, duration, or valuation exposure.","Generally high-quality backing with identifiable concentration, custody, hedging, duration, or liquidity dependencies.","Predominantly cash, short sovereign instruments, or transparently overcollateralized liquid assets with strong asset-liability matching.",,,,,
stable_pyusd,verification_quality,independent_assurance_or_onchain_verification,PYUSD transparency and attestations,https://www.paxos.com/pyusd-transparency,2026-06-30,Attestations; 2026 June report; Fostering trust through verification,Paxos publishes monthly PYUSD attestations and identifies KPMG as the independent examiner for reports from February 2025 onward under AICPA attestation standards.,The separate rapid portfolio reports are management-prepared and unreviewed; the independent attestation applies only to its specified date and criteria.,No usable verification.,"Infrequent, aggregate, or weakly verifiable disclosure.",Regular detailed management reporting with limited independent verification.,"Quarterly independent assurance, custodian attestations, or onchain state with meaningful offchain verification gaps.",Monthly independent assurance or continuously reconstructible onchain assets and liabilities with strong coverage.,,,,,
stable_pyusd,redemption_access_quality,redemption_terms_and_eligibility,Paxos US dollar-backed stablecoin terms,https://www.paxos.com/terms-and-conditions/stablecoin-terms-conditions,2026-06-30,"Sections 2.2, 2.7, and 2.8","Only verified Paxos customers can redeem directly through a Paxos account. Redemption is one-for-one after compliance checks, may be subject to a variable minimum, and has no Paxos redemption fee, although banking, wallet, or transfer charges may apply.",Direct issuer access is conditional on account eligibility and jurisdiction; minimums and external fees can change.,No credible primary conversion or redemption mechanism.,"High minimums, material fees, narrow eligibility, or substantial intermediation.","Direct redemption is institution-, customer-, jurisdiction-, or whitelist-limited, or material terms are undisclosed.","Direct par redemption is available after standard onboarding, with modest or incompletely disclosed friction.",Permissionless or broadly accessible par conversion with low or zero stated fees and no material minimum.,,,,,
stable_pyusd,legal_protection_quality,segregation_legal_or_protocol_claim,Paxos US dollar-backed stablecoin terms,https://www.paxos.com/terms-and-conditions/stablecoin-terms-conditions,2026-06-30,Sections 1.1.1 and 3.1.2,Paxos states that assets backing its dollar stablecoins are held in segregated accounts apart from corporate funds on behalf of both customer and non-customer token holders and specifically for their benefit.,This records the contractual and custodial structure but is not an independent insolvency-law opinion.,No identifiable protection or claim.,Issuer beneficially owns reserves or terms materially disclaim holder property rights without equivalent protection.,"Custody or protocol separation is described, but holder priority and insolvency treatment remain unclear or indirect.",Segregated or protocol-controlled backing with meaningful protection but no direct claim to specific assets.,Segregation plus explicit holder-benefit or bankruptcy-remoteness protection and a strong enforceable claim.,,,,,
stable_pyusd,operational_resilience,suspension_and_operational_constraints,Paxos US dollar-backed stablecoin terms,https://www.paxos.com/terms-and-conditions/stablecoin-terms-conditions,2026-06-30,"Sections 1.3, 2.2, 2.3, and 2.6","Paxos may restrict services by jurisdiction, suspend minting, refuse issuance or redemption for account, legal, or compliance reasons, cancel defective or suspect orders, and delay withdrawals; blockchain or third-party failures can also disrupt access.","Ordinary withdrawals may take up to two days and large withdrawals substantially longer, but no universal maximum is stated.",Conversion is unavailable or the mechanism has failed.,Multiple concentrated dependencies or mechanisms capable of extended suspension under ordinary stress.,"Broad suspension rights or material dependence on issuer, custodian, exchange, oracle, API, cloud, or whitelist infrastructure.","Operationally robust route with standard compliance, governance, network, or liquidity constraints.",Multiple permissionless execution paths with narrow suspension powers and limited centralized dependencies.,,,,,
stable_rlusd,backing_quality,reserve_or_collateral_composition,RLUSD user terms,https://ripple.com/legal/stablecoin/,2024-10-03,"Section 2.1(b), RLUSD Reserve","The issuer must maintain reserve market value at least equal to outstanding RLUSD using deposits, U.S. Treasury bills with no more than three months remaining, overnight Treasury-collateralized reverse repos, and U.S. government money-market funds.",The terms define allowable assets; exact dated weights must be taken from the corresponding monthly attestation.,No credible backing mechanism or demonstrated insolvency.,"Weak, highly endogenous, opaque, or materially undercollateralized backing.","Mixed backing quality or material counterparty, market, duration, or valuation exposure.","Generally high-quality backing with identifiable concentration, custody, hedging, duration, or liquidity dependencies.","Predominantly cash, short sovereign instruments, or transparently overcollateralized liquid assets with strong asset-liability matching.",,,,,
stable_rlusd,verification_quality,independent_assurance_or_onchain_verification,RLUSD transparency reports,https://ripple.com/products/stablecoin/transparency/,2026-06-30,Reserve Reports; Attestations; 2026 June report,Ripple publishes monthly reports from an independent U.S.-licensed CPA covering management's assertions about RLUSD circulation and reserve composition under AICPA attestation standards.,"Monthly attestation is point-in-time assurance, not continuous verification of reserve balances.",No usable verification.,"Infrequent, aggregate, or weakly verifiable disclosure.",Regular detailed management reporting with limited independent verification.,"Quarterly independent assurance, custodian attestations, or onchain state with meaningful offchain verification gaps.",Monthly independent assurance or continuously reconstructible onchain assets and liabilities with strong coverage.,,,,,
stable_rlusd,redemption_access_quality,redemption_terms_and_eligibility,RLUSD user terms,https://ripple.com/legal/stablecoin/,2024-10-03,"Sections 1, 2.1(a), 11.10, and 11.12",Eligible Ripple customers can redeem RLUSD one-for-one for dollars subject to the separate customer agreement and fees. A holder's redemption right transfers with the token but can be exercised only after the holder qualifies and becomes a customer.,"The public user terms do not disclose the full customer onboarding requirements, fee schedule, settlement SLA, or operational minimums.",No credible primary conversion or redemption mechanism.,"High minimums, material fees, narrow eligibility, or substantial intermediation.","Direct redemption is institution-, customer-, jurisdiction-, or whitelist-limited, or material terms are undisclosed.","Direct par redemption is available after standard onboarding, with modest or incompletely disclosed friction.",Permissionless or broadly accessible par conversion with low or zero stated fees and no material minimum.,,,,,
stable_rlusd,legal_protection_quality,segregation_legal_or_protocol_claim,RLUSD user terms,https://ripple.com/legal/stablecoin/,2024-10-03,"Section 2.1(b)-(c), RLUSD Reserve and risks","Standard Custody states that reserve accounts are segregated from its other assets, while the terms also state that RLUSD does not convey holders a direct or indirect property interest in, or withdrawal right over, specific reserve assets.",Segregation and holder property rights are distinct; scoring must not treat the former as proof of the latter or of bankruptcy remoteness.,No identifiable protection or claim.,Issuer beneficially owns reserves or terms materially disclaim holder property rights without equivalent protection.,"Custody or protocol separation is described, but holder priority and insolvency treatment remain unclear or indirect.",Segregated or protocol-controlled backing with meaningful protection but no direct claim to specific assets.,Segregation plus explicit holder-benefit or bankruptcy-remoteness protection and a strong enforceable claim.,,,,,
stable_rlusd,operational_resilience,suspension_and_operational_constraints,RLUSD user terms,https://ripple.com/legal/stablecoin/,2024-10-03,Sections 2.2 and 11.1-11.5,"Ripple may suspend access for regulatory, compliance, fraud, security, or reputational-risk reasons; network failures and forks may halt activity, and addresses or tokens may be frozen, blacklisted, or burned under law or internal compliance policies.",The terms provide broad discretion and do not state a maximum suspension or restoration period.,Conversion is unavailable or the mechanism has failed.,Multiple concentrated dependencies or mechanisms capable of extended suspension under ordinary stress.,"Broad suspension rights or material dependence on issuer, custodian, exchange, oracle, API, cloud, or whitelist infrastructure.","Operationally robust route with standard compliance, governance, network, or liquidity constraints.",Multiple permissionless execution paths with narrow suspension powers and limited centralized dependencies.,,,,,
stable_fdusd,backing_quality,reserve_or_collateral_composition,First Digital Labs transparency and monthly reserve reports,https://www.firstdigitallabs.com/transparency,2026-07-31,"Reserve dashboard as of July 31, 2026; Monthly Reserve Reports","First Digital reports FDUSD reserves of 75.88% U.S. Treasury bills, 20.42% cash, and 3.70% fixed deposits at July 31, 2026, with reported reserve assets exceeding circulating tokens.",Percentages are a point-in-time issuer presentation and must not be backfilled to earlier dates.,No credible backing mechanism or demonstrated insolvency.,"Weak, highly endogenous, opaque, or materially undercollateralized backing.","Mixed backing quality or material counterparty, market, duration, or valuation exposure.","Generally high-quality backing with identifiable concentration, custody, hedging, duration, or liquidity dependencies.","Predominantly cash, short sovereign instruments, or transparently overcollateralized liquid assets with strong asset-liability matching.",,,,,
stable_fdusd,verification_quality,independent_assurance_or_onchain_verification,First Digital Labs transparency and monthly reserve reports,https://www.firstdigitallabs.com/transparency,2026-07-31,Monthly Reserve Reports; July 2026 report,First Digital publishes monthly independent attestations intended to compare circulating FDUSD with the value of cash and cash-equivalent reserves.,Monthly attestation is point-in-time assurance rather than continuous verification; scoring must retain the report's stated scope.,No usable verification.,"Infrequent, aggregate, or weakly verifiable disclosure.",Regular detailed management reporting with limited independent verification.,"Quarterly independent assurance, custodian attestations, or onchain state with meaningful offchain verification gaps.",Monthly independent assurance or continuously reconstructible onchain assets and liabilities with strong coverage.,,,,,
stable_fdusd,redemption_access_quality,redemption_terms_and_eligibility,FDD terms,https://www.firstdigitallabs.com/legal/fdd-terms,2025-08-01,Sections 3.2-3.8 and 5,Direct one-for-one sale of FDUSD to the issuer requires an eligible FD121 account in good standing and compliance with the terms and applicable rules; the redemption right transfers with the token but is exercisable only after account eligibility and registration.,"Retail and U.S. persons are excluded from direct services, and the reviewed terms do not supply a universal settlement time or public minimum.",No credible primary conversion or redemption mechanism.,"High minimums, material fees, narrow eligibility, or substantial intermediation.","Direct redemption is institution-, customer-, jurisdiction-, or whitelist-limited, or material terms are undisclosed.","Direct par redemption is available after standard onboarding, with modest or incompletely disclosed friction.",Permissionless or broadly accessible par conversion with low or zero stated fees and no material minimum.,,,,,
stable_fdusd,legal_protection_quality,segregation_legal_or_protocol_claim,FDD terms,https://www.firstdigitallabs.com/legal/fdd-terms,2025-08-01,Sections 2.4 and 3.9; transparency section Built on a foundation of Trust,"Reserves are held through qualified custodians in segregated structures, but the terms state that FD121 beneficially owns the reserves and holders have no contractual or trust entitlement to reserve assets or their returns.","Operational segregation, custodian bankruptcy isolation, and holder ownership are distinct claims and must be scored separately.",No identifiable protection or claim.,Issuer beneficially owns reserves or terms materially disclaim holder property rights without equivalent protection.,"Custody or protocol separation is described, but holder priority and insolvency treatment remain unclear or indirect.",Segregated or protocol-controlled backing with meaningful protection but no direct claim to specific assets.,Segregation plus explicit holder-benefit or bankruptcy-remoteness protection and a strong enforceable claim.,,,,,
stable_fdusd,operational_resilience,suspension_and_operational_constraints,FDD terms,https://www.firstdigitallabs.com/legal/fdd-terms,2025-08-01,"Sections 3.8, 7, and 14","FD121 can restrict, defer, limit, suspend, or cancel issuance and redemption for reserve-liquidity stress, market disruption, legal or compliance concerns, fraud, or misconduct; blockchain forks or security problems may cause extended downtime.",The issuer retains broad discretion and provides no maximum duration for stress-related or blockchain-related suspension.,Conversion is unavailable or the mechanism has failed.,Multiple concentrated dependencies or mechanisms capable of extended suspension under ordinary stress.,"Broad suspension rights or material dependence on issuer, custodian, exchange, oracle, API, cloud, or whitelist infrastructure.","Operationally robust route with standard compliance, governance, network, or liquidity constraints.",Multiple permissionless execution paths with narrow suspension powers and limited centralized dependencies.,,,,,
stable_usde,backing_quality,reserve_or_collateral_composition,Ethena peg arbitrage mechanism,https://docs.ethena.fi/solution-overview/peg-arbitrage-mechanism,2026-08-22,Trade Strategies; backing and redemption-liquidity bullets,USDe uses protocol backing assets with delta-neutral hedges rather than fiat reserves; Ethena reports that liquid stablecoins form a redemption buffer while the broader backing is held with multiple custodians and hedged through derivatives positions.,This design description does not provide a complete dated asset-by-asset weight table; numerical composition must use a contemporaneous dashboard snapshot.,No credible backing mechanism or demonstrated insolvency.,"Weak, highly endogenous, opaque, or materially undercollateralized backing.","Mixed backing quality or material counterparty, market, duration, or valuation exposure.","Generally high-quality backing with identifiable concentration, custody, hedging, duration, or liquidity dependencies.","Predominantly cash, short sovereign instruments, or transparently overcollateralized liquid assets with strong asset-liability matching.",,,,,
stable_usde,verification_quality,independent_assurance_or_onchain_verification,Ethena custodian attestations,https://docs.ethena.fi/resources/custodian-attestations,2026-08-01,Custodian Attestations; current monthly reports,"Ethena publishes monthly custodian attestations addressing the existence, control, and value of USDe backing assets and reports that backing does not reside directly with derivatives exchanges.",Custodian attestations are not equivalent to a full financial-statement audit or fully onchain proof of every hedge and liability.,No usable verification.,"Infrequent, aggregate, or weakly verifiable disclosure.",Regular detailed management reporting with limited independent verification.,"Quarterly independent assurance, custodian attestations, or onchain state with meaningful offchain verification gaps.",Monthly independent assurance or continuously reconstructible onchain assets and liabilities with strong coverage.,,,,,
stable_usde,redemption_access_quality,redemption_terms_and_eligibility,Ethena minting and redemption overview,https://docs.ethena.fi/api-documentation/overview,2026-08-22,"Overview; whitelisting; pair availability; RFQ, fees, and error codes","Direct minting and redemption use Ethena's API and smart contract, are limited to whitelisted wallets, support specified collateral pairs, incorporate quoted fees and gas, and remain subject to capacity, asset-availability, price-movement, and execution checks.","Non-whitelisted holders depend on secondary markets, and supported pairs, fees, capacity, and infrastructure can change.",No credible primary conversion or redemption mechanism.,"High minimums, material fees, narrow eligibility, or substantial intermediation.","Direct redemption is institution-, customer-, jurisdiction-, or whitelist-limited, or material terms are undisclosed.","Direct par redemption is available after standard onboarding, with modest or incompletely disclosed friction.",Permissionless or broadly accessible par conversion with low or zero stated fees and no material minimum.,,,,,
stable_usde,legal_protection_quality,segregation_legal_or_protocol_claim,Ethena custodian attestations,https://docs.ethena.fi/resources/custodian-attestations,2026-08-01,Custodian Attestations; backing-asset location statement,Ethena states that backing assets are controlled through custodians and off-exchange settlement arrangements rather than deposited directly with derivatives exchanges; attestations test custody and control at monthly dates.,"Custodial separation from exchanges does not itself prove bankruptcy remoteness, a direct holder claim, or segregation from every protocol-related creditor.",No identifiable protection or claim.,Issuer beneficially owns reserves or terms materially disclaim holder property rights without equivalent protection.,"Custody or protocol separation is described, but holder priority and insolvency treatment remain unclear or indirect.",Segregated or protocol-controlled backing with meaningful protection but no direct claim to specific assets.,Segregation plus explicit holder-benefit or bankruptcy-remoteness protection and a strong enforceable claim.,,,,,
stable_usde,operational_resilience,suspension_and_operational_constraints,Ethena minting and redemption overview,https://docs.ethena.fi/api-documentation/overview,2026-08-22,Server location; RFQ and order-submission error codes,"Direct redemption depends on Ethena's hosted quoting infrastructure, wallet whitelisting, active collateral pairs, per-block capacity, timely signatures, sufficient balances and approvals, acceptable price movement, and successful onchain execution.","Operational controls are documented, but the source does not guarantee uptime or provide a recovery SLA during market, custodian, exchange, or cloud disruption.",Conversion is unavailable or the mechanism has failed.,Multiple concentrated dependencies or mechanisms capable of extended suspension under ordinary stress.,"Broad suspension rights or material dependence on issuer, custodian, exchange, oracle, API, cloud, or whitelist infrastructure.","Operationally robust route with standard compliance, governance, network, or liquidity constraints.",Multiple permissionless execution paths with narrow suspension powers and limited centralized dependencies.,,,,,
stable_dai,backing_quality,reserve_or_collateral_composition,Sky protocol financial dashboard,https://info.skyeco.com/,2026-08-22,Protocol collateral and obligation dashboard; DAI/USDS system totals,"The live Sky financial dashboard exposes the protocol collateral and obligations supporting the combined DAI/USDS system, including collateral categories, position-level exposures, and excess coverage rather than a fixed fiat reserve basket.",DAI and USDS share protocol backing; asset-specific attribution must avoid double counting and preserve the dashboard snapshot date.,No credible backing mechanism or demonstrated insolvency.,"Weak, highly endogenous, opaque, or materially undercollateralized backing.","Mixed backing quality or material counterparty, market, duration, or valuation exposure.","Generally high-quality backing with identifiable concentration, custody, hedging, duration, or liquidity dependencies.","Predominantly cash, short sovereign instruments, or transparently overcollateralized liquid assets with strong asset-liability matching.",,,,,
stable_dai,verification_quality,independent_assurance_or_onchain_verification,Sky protocol financial dashboard,https://info.skyeco.com/,2026-08-22,Live protocol financial dashboard and underlying onchain positions,"DAI liabilities, vault collateral, liquidation parameters, and protocol positions are reconstructible from public smart-contract state and surfaced through the Sky financial dashboard.","Onchain observability verifies recorded state, not offchain asset value, legal enforceability, oracle accuracy, or absence of smart-contract defects.",No usable verification.,"Infrequent, aggregate, or weakly verifiable disclosure.",Regular detailed management reporting with limited independent verification.,"Quarterly independent assurance, custodian attestations, or onchain state with meaningful offchain verification gaps.",Monthly independent assurance or continuously reconstructible onchain assets and liabilities with strong coverage.,,,,,
stable_dai,redemption_access_quality,redemption_terms_and_eligibility,Multi-collateral DAI system whitepaper,https://makerdao.com/whitepaper/,2019-11-18,Peg Stability Module and collateral-vault mechanisms; Emergency Shutdown,"DAI has no universal issuer redemption account; liquidity comes through permissionless protocol modules, collateralized vault creation and repayment, and secondary markets, while emergency settlement provides a distinct collateral-claim process under shutdown conditions.",The foundational whitepaper predates later Sky migrations and modules; effective-date scoring must pair it with contemporaneous onchain configuration.,No credible primary conversion or redemption mechanism.,"High minimums, material fees, narrow eligibility, or substantial intermediation.","Direct redemption is institution-, customer-, jurisdiction-, or whitelist-limited, or material terms are undisclosed.","Direct par redemption is available after standard onboarding, with modest or incompletely disclosed friction.",Permissionless or broadly accessible par conversion with low or zero stated fees and no material minimum.,,,,,
stable_dai,legal_protection_quality,segregation_legal_or_protocol_claim,Multi-collateral DAI system whitepaper,https://makerdao.com/whitepaper/,2019-11-18,"Collateralized vaults, liquidation, and Emergency Shutdown sections",Backing is locked or deployed under protocol rules rather than held in a corporate reserve account. Ordinary DAI does not represent title to a particular collateral asset; claims and allocation change under liquidation or emergency settlement mechanics.,"Protocol control and onchain custody are not equivalent to legal segregation, and offchain real-world-asset structures introduce additional counterparties and legal claims.",No identifiable protection or claim.,Issuer beneficially owns reserves or terms materially disclaim holder property rights without equivalent protection.,"Custody or protocol separation is described, but holder priority and insolvency treatment remain unclear or indirect.",Segregated or protocol-controlled backing with meaningful protection but no direct claim to specific assets.,Segregation plus explicit holder-benefit or bankruptcy-remoteness protection and a strong enforceable claim.,,,,,
stable_dai,operational_resilience,suspension_and_operational_constraints,Multi-collateral DAI system whitepaper,https://makerdao.com/whitepaper/,2019-11-18,"Liquidation, oracle security, governance, and Emergency Shutdown sections","DAI conversion and collateral access depend on module liquidity, oracle operation, auctions, governance parameters, network execution, and smart-contract integrity; emergency shutdown can halt ordinary system operation and replace it with settlement procedures.",The source identifies mechanisms rather than uptime guarantees; current triggers and parameters must be read from effective onchain state.,Conversion is unavailable or the mechanism has failed.,Multiple concentrated dependencies or mechanisms capable of extended suspension under ordinary stress.,"Broad suspension rights or material dependence on issuer, custodian, exchange, oracle, API, cloud, or whitelist infrastructure.","Operationally robust route with standard compliance, governance, network, or liquidity constraints.",Multiple permissionless execution paths with narrow suspension powers and limited centralized dependencies.,,,,,
stable_usds,backing_quality,reserve_or_collateral_composition,What is USDS,https://sky.money/blog/what-is-usds,2026-06-12,"Protocol Collateral; data as of June 12, 2026","Sky describes USDS as overcollateralized by a shared protocol portfolio spanning stablecoins, onchain and OTC crypto lending, short-duration Treasury exposure, high-grade corporate debt, and other approved structures, with live position detail on the financial dashboard.","Some exposures are indirect or offchain, and the published category mix changes with Agent deployment and governance decisions.",No credible backing mechanism or demonstrated insolvency.,"Weak, highly endogenous, opaque, or materially undercollateralized backing.","Mixed backing quality or material counterparty, market, duration, or valuation exposure.","Generally high-quality backing with identifiable concentration, custody, hedging, duration, or liquidity dependencies.","Predominantly cash, short sovereign instruments, or transparently overcollateralized liquid assets with strong asset-liability matching.",,,,,
stable_usds,verification_quality,independent_assurance_or_onchain_verification,Sky protocol financial dashboard,https://info.skyeco.com/,2026-08-22,"Protocol collateral, obligations, and position-level financial dashboard","The protocol publishes continuously inspectable onchain obligations, collateral positions, and risk parameters through its financial dashboard, enabling reconstruction without waiting for an issuer reserve attestation.","Onchain data does not independently verify offchain assets, legal wrappers, valuation models, or oracle inputs.",No usable verification.,"Infrequent, aggregate, or weakly verifiable disclosure.",Regular detailed management reporting with limited independent verification.,"Quarterly independent assurance, custodian attestations, or onchain state with meaningful offchain verification gaps.",Monthly independent assurance or continuously reconstructible onchain assets and liabilities with strong coverage.,,,,,
stable_usds,redemption_access_quality,redemption_terms_and_eligibility,What is USDS,https://sky.money/blog/what-is-usds,2026-06-12,Peg Stability Module; Common questions on conversion,The permissionless Peg Stability Module supports one-for-one USDC/USDS conversion in both directions with governance-set fees currently reported as zero; the interface also describes single-transaction conversion without a USDS lock-up.,"Execution depends on PSM liquidity, governance parameters, supported collateral, smart contracts, network gas, and frontend or direct-contract access.",No credible primary conversion or redemption mechanism.,"High minimums, material fees, narrow eligibility, or substantial intermediation.","Direct redemption is institution-, customer-, jurisdiction-, or whitelist-limited, or material terms are undisclosed.","Direct par redemption is available after standard onboarding, with modest or incompletely disclosed friction.",Permissionless or broadly accessible par conversion with low or zero stated fees and no material minimum.,,,,,
stable_usds,legal_protection_quality,segregation_legal_or_protocol_claim,What is USDS,https://sky.money/blog/what-is-usds,2026-06-12,How USDS holds its peg; Protocol Collateral,"USDS is a protocol obligation backed by collateral controlled through smart contracts and governed structures, not a direct ownership claim on a segregated issuer bank account or on any particular collateral position.","Offchain Agent deployments can add custodial, contractual, and insolvency dependencies that onchain token balances alone do not resolve.",No identifiable protection or claim.,Issuer beneficially owns reserves or terms materially disclaim holder property rights without equivalent protection.,"Custody or protocol separation is described, but holder priority and insolvency treatment remain unclear or indirect.",Segregated or protocol-controlled backing with meaningful protection but no direct claim to specific assets.,Segregation plus explicit holder-benefit or bankruptcy-remoteness protection and a strong enforceable claim.,,,,,
stable_usds,operational_resilience,suspension_and_operational_constraints,Sky interface conversion disclosures,https://sky.money/,2026-08-22,USDC-USDS conversion; interface and governance disclaimers,"USDS conversion depends on live protocol contracts, PSM liquidity, governance-set parameters, supported routes, network availability, and gas. Sky.money is a non-custodial interface that does not control protocol contracts and may be unavailable even when direct contract access remains possible.","Protocol and interface availability are separate; governance can change fees, ceilings, collateral exposure, and other operating parameters.",Conversion is unavailable or the mechanism has failed.,Multiple concentrated dependencies or mechanisms capable of extended suspension under ordinary stress.,"Broad suspension rights or material dependence on issuer, custodian, exchange, oracle, API, cloud, or whitelist infrastructure.","Operationally robust route with standard compliance, governance, network, or liquidity constraints.",Multiple permissionless execution paths with narrow suspension powers and limited centralized dependencies.,,,,,
