asset_id,date,scope,economic_system,fees_usd,protocol_revenue_usd,holders_revenue_usd
crypto_aave,2026-05-25,application_protocol,Aave,1084827.0,146422.0,0.0
crypto_aave,2026-05-26,application_protocol,Aave,1112926.0,158402.0,135368.0
crypto_aave,2026-05-27,application_protocol,Aave,1078736.0,148409.0,0.0
crypto_aave,2026-05-28,application_protocol,Aave,1129159.0,146573.0,0.0
crypto_aave,2026-05-29,application_protocol,Aave,1020363.0,138207.0,0.0
crypto_aave,2026-05-30,application_protocol,Aave,1042947.0,141913.0,0.0
crypto_aave,2026-05-31,application_protocol,Aave,1029286.0,142696.0,0.0
crypto_aave,2026-06-01,application_protocol,Aave,1056087.0,139947.0,0.0
crypto_aave,2026-06-02,application_protocol,Aave,1657466.0,253729.0,0.0
crypto_aave,2026-06-03,application_protocol,Aave,1652381.0,200230.0,0.0
crypto_aave,2026-06-04,application_protocol,Aave,2114890.0,249555.0,0.0
crypto_aave,2026-06-05,application_protocol,Aave,6491668.0,702983.0,0.0
crypto_aave,2026-06-06,application_protocol,Aave,3253766.0,362143.0,0.0
crypto_aave,2026-06-07,application_protocol,Aave,952578.0,126735.0,0.0
crypto_aave,2026-06-08,application_protocol,Aave,958780.0,128836.0,0.0
crypto_aave,2026-06-09,application_protocol,Aave,987796.0,131928.0,0.0
crypto_aave,2026-06-10,application_protocol,Aave,957059.0,127136.0,0.0
crypto_aave,2026-06-11,application_protocol,Aave,967587.0,131352.0,0.0
crypto_aave,2026-06-12,application_protocol,Aave,963486.0,129076.0,0.0
crypto_aave,2026-06-13,application_protocol,Aave,953153.0,125626.0,0.0
crypto_aave,2026-06-14,application_protocol,Aave,956813.0,132369.0,0.0
crypto_aave,2026-06-15,application_protocol,Aave,992880.0,134378.0,0.0
crypto_aave,2026-06-16,application_protocol,Aave,975232.0,131588.0,11.0
crypto_aave,2026-06-17,application_protocol,Aave,968372.0,129017.0,0.0
crypto_aave,2026-06-18,application_protocol,Aave,998898.0,133555.0,0.0
crypto_aave,2026-06-19,application_protocol,Aave,1000434.0,134052.0,0.0
crypto_aave,2026-06-20,application_protocol,Aave,975473.0,134200.0,0.0
crypto_aave,2026-06-21,application_protocol,Aave,982967.0,133816.0,0.0
crypto_aave,2026-06-22,application_protocol,Aave,992594.0,135379.0,0.0
crypto_aave,2026-06-23,application_protocol,Aave,1269096.0,158399.0,0.0
crypto_aave,2026-06-24,application_protocol,Aave,1200540.0,155397.0,576537.0
crypto_aave,2026-06-25,application_protocol,Aave,1346570.0,169544.0,0.0
crypto_aave,2026-06-26,application_protocol,Aave,941710.0,123558.0,0.0
crypto_aave,2026-06-27,application_protocol,Aave,855167.0,113183.0,0.0
crypto_aave,2026-06-28,application_protocol,Aave,872022.0,117503.0,0.0
crypto_aave,2026-06-29,application_protocol,Aave,943197.0,136536.0,0.0
crypto_aave,2026-06-30,application_protocol,Aave,915268.0,123367.0,0.0
crypto_aave,2026-07-01,application_protocol,Aave,1137983.0,146234.0,0.0
crypto_aave,2026-07-02,application_protocol,Aave,920115.0,120756.0,0.0
crypto_aave,2026-07-03,application_protocol,Aave,892430.0,117683.0,0.0
crypto_aave,2026-07-04,application_protocol,Aave,895436.0,121338.0,0.0
crypto_aave,2026-07-05,application_protocol,Aave,908286.0,119991.0,0.0
crypto_aave,2026-07-06,application_protocol,Aave,892596.0,117852.0,0.0
crypto_aave,2026-07-07,application_protocol,Aave,900147.0,119690.0,0.0
crypto_aave,2026-07-08,application_protocol,Aave,920353.0,124077.0,0.0
crypto_aave,2026-07-09,application_protocol,Aave,964517.0,126758.0,0.0
crypto_aave,2026-07-10,application_protocol,Aave,921803.0,122845.0,0.0
crypto_aave,2026-07-11,application_protocol,Aave,872498.0,114809.0,0.0
crypto_aave,2026-07-12,application_protocol,Aave,890744.0,120590.0,0.0
crypto_aave,2026-07-13,application_protocol,Aave,930529.0,127586.0,0.0
crypto_aave,2026-07-14,application_protocol,Aave,911157.0,120631.0,0.0
crypto_aave,2026-07-15,application_protocol,Aave,1024354.0,132284.0,0.0
crypto_aave,2026-07-16,application_protocol,Aave,958124.0,128292.0,0.0
crypto_aave,2026-07-17,application_protocol,Aave,934007.0,126327.0,0.0
crypto_aave,2026-07-18,application_protocol,Aave,909825.0,120458.0,0.0
crypto_aave,2026-07-19,application_protocol,Aave,961416.0,127614.0,0.0
crypto_aave,2026-07-20,application_protocol,Aave,936582.0,125101.0,0.0
crypto_aave,2026-07-21,application_protocol,Aave,953110.0,126417.0,0.0
crypto_aave,2026-07-22,application_protocol,Aave,970353.0,129550.0,0.0
crypto_aave,2026-07-23,application_protocol,Aave,981190.0,137800.0,0.0
crypto_aave,2026-07-24,application_protocol,Aave,987051.0,130929.0,0.0
crypto_aave,2026-07-25,application_protocol,Aave,966890.0,131147.0,0.0
crypto_aave,2026-07-26,application_protocol,Aave,967759.0,133792.0,0.0
crypto_aave,2026-07-27,application_protocol,Aave,981031.0,131917.0,0.0
crypto_aave,2026-07-28,application_protocol,Aave,984241.0,135060.0,0.0
crypto_aave,2026-07-29,application_protocol,Aave,974512.0,132397.0,0.0
crypto_aave,2026-07-30,application_protocol,Aave,992337.0,133944.0,0.0
crypto_aave,2026-07-31,application_protocol,Aave,990105.0,133311.0,0.0
crypto_aave,2026-08-01,application_protocol,Aave,983645.0,136181.0,0.0
crypto_aave,2026-08-02,application_protocol,Aave,971831.0,132397.0,0.0
crypto_aave,2026-08-03,application_protocol,Aave,988548.0,134667.0,0.0
crypto_aave,2026-08-04,application_protocol,Aave,980783.0,132128.0,0.0
crypto_aave,2026-08-05,application_protocol,Aave,1004843.0,134170.0,0.0
crypto_aave,2026-08-06,application_protocol,Aave,1015283.0,137503.0,0.0
crypto_aave,2026-08-07,application_protocol,Aave,1025775.0,138255.0,0.0
crypto_aave,2026-08-08,application_protocol,Aave,1003610.0,134885.0,0.0
crypto_aave,2026-08-09,application_protocol,Aave,1007287.0,136171.0,0.0
crypto_aave,2026-08-10,application_protocol,Aave,1022675.0,138708.0,0.0
crypto_aave,2026-08-11,application_protocol,Aave,1000981.0,134958.0,0.0
crypto_aave,2026-08-12,application_protocol,Aave,1027931.0,156126.0,0.0
crypto_aave,2026-08-13,application_protocol,Aave,1006114.0,135488.0,0.0
crypto_aave,2026-08-14,application_protocol,Aave,1007859.0,134288.0,0.0
crypto_aave,2026-08-15,application_protocol,Aave,1012849.0,143000.0,0.0
crypto_aave,2026-08-16,application_protocol,Aave,1007671.0,140150.0,0.0
crypto_aave,2026-08-17,application_protocol,Aave,1015985.0,145310.0,0.0
crypto_aave,2026-08-18,application_protocol,Aave,1001801.0,132166.0,0.0
crypto_aave,2026-08-19,application_protocol,Aave,1014717.0,134615.0,0.0
crypto_aave,2026-08-20,application_protocol,Aave,1108251.0,142659.0,0.0
crypto_aave,2026-08-21,application_protocol,Aave,1127577.0,147129.0,0.0
crypto_arb,2026-05-25,chain,Arbitrum,1135510.6099999999,166057.62,23065.0
crypto_arb,2026-05-26,chain,Arbitrum,1426958.35,375945.03,42552.0
crypto_arb,2026-05-27,chain,Arbitrum,553670.14,280560.21,152814.0
crypto_arb,2026-05-28,chain,Arbitrum,445745.52999999997,205241.88,49265.0
crypto_arb,2026-05-29,chain,Arbitrum,604715.28,358543.37000000005,105684.0
crypto_arb,2026-05-30,chain,Arbitrum,400624.72,210124.87,161618.0
crypto_arb,2026-05-31,chain,Arbitrum,413595.76,227083.03,125401.0
crypto_arb,2026-06-01,chain,Arbitrum,469736.42000000004,206706.86,56174.7
crypto_arb,2026-06-02,chain,Arbitrum,1530330.6800000002,441701.20000000007,81406.0
crypto_arb,2026-06-03,chain,Arbitrum,577797.8500000001,281969.86000000004,72077.08
crypto_arb,2026-06-04,chain,Arbitrum,4107070.93,3452032.3000000003,110233.55
crypto_arb,2026-06-05,chain,Arbitrum,1549196.6600000001,713207.3400000002,116274.0
crypto_arb,2026-06-06,chain,Arbitrum,521993.18,190939.84,40743.3
crypto_arb,2026-06-07,chain,Arbitrum,341529.7,145062.83000000002,59013.32
crypto_arb,2026-06-08,chain,Arbitrum,393795.66,195450.87,55482.0
crypto_arb,2026-06-09,chain,Arbitrum,395028.08,179134.78,59938.0
crypto_arb,2026-06-10,chain,Arbitrum,860005.41,298110.95999999996,61516.0
crypto_arb,2026-06-11,chain,Arbitrum,405802.60000000003,227813.60000000003,37762.0
crypto_arb,2026-06-12,chain,Arbitrum,637935.22,227106.23,40963.06
crypto_arb,2026-06-13,chain,Arbitrum,142217.24999999997,48735.44,16467.38
crypto_arb,2026-06-14,chain,Arbitrum,375163.79,198119.6,169913.18
crypto_arb,2026-06-15,chain,Arbitrum,832432.5999999999,232632.29,62351.93
crypto_arb,2026-06-16,chain,Arbitrum,421773.45999999996,242395.22,43400.54
crypto_arb,2026-06-17,chain,Arbitrum,519024.99000000005,209644.15,43553.83
crypto_arb,2026-06-18,chain,Arbitrum,686739.4299999999,189163.05000000002,49302.0
crypto_arb,2026-06-19,chain,Arbitrum,175758.31999999998,55698.920000000006,18010.0
crypto_arb,2026-06-20,chain,Arbitrum,188307.30000000002,70038.79000000001,36553.1
crypto_arb,2026-06-21,chain,Arbitrum,146949.39,46800.08,19921.71
crypto_arb,2026-06-22,chain,Arbitrum,603688.02,245259.76,60472.29
crypto_arb,2026-06-23,chain,Arbitrum,632500.7699999999,155994.64,31197.92
crypto_arb,2026-06-24,chain,Arbitrum,776360.5000000001,335185.77,70090.0
crypto_arb,2026-06-25,chain,Arbitrum,544829.83,211045.53,53157.0
crypto_arb,2026-06-26,chain,Arbitrum,1603350.6,275552.95999999996,49162.0
crypto_arb,2026-06-27,chain,Arbitrum,134136.19999999995,43188.520000000004,15550.16
crypto_arb,2026-06-28,chain,Arbitrum,203192.45999999993,93686.12,15284.0
crypto_arb,2026-06-29,chain,Arbitrum,592198.18,156328.81,65396.79
crypto_arb,2026-06-30,chain,Arbitrum,450793.4,277345.5,73969.0
crypto_arb,2026-07-01,chain,Arbitrum,567483.6300000001,162691.34000000003,38678.0
crypto_arb,2026-07-02,chain,Arbitrum,522600.41000000003,189985.21,51910.0
crypto_arb,2026-07-03,chain,Arbitrum,576842.52,168756.38999999996,68991.45999999999
crypto_arb,2026-07-04,chain,Arbitrum,411435.0900000001,133869.09999999998,75115.8
crypto_arb,2026-07-05,chain,Arbitrum,269908.14999999997,123558.59000000001,91506.66
crypto_arb,2026-07-06,chain,Arbitrum,833356.6799999999,220263.38,32357.5
crypto_arb,2026-07-07,chain,Arbitrum,291854.86000000004,86308.35999999999,38391.64
crypto_arb,2026-07-08,chain,Arbitrum,248755.11999999997,82538.55,29527.510000000002
crypto_arb,2026-07-09,chain,Arbitrum,1123190.2900000003,311126.71,32552.0
crypto_arb,2026-07-10,chain,Arbitrum,311868.4199999999,117730.92,32912.0
crypto_arb,2026-07-11,chain,Arbitrum,223465.37,70255.79,32024.0
crypto_arb,2026-07-12,chain,Arbitrum,161647.80999999997,47462.92,18444.760000000002
crypto_arb,2026-07-13,chain,Arbitrum,408715.67,113362.92,52656.0
crypto_arb,2026-07-14,chain,Arbitrum,325240.5,127250.15,28312.36
crypto_arb,2026-07-15,chain,Arbitrum,476217.87,135666.97999999998,48310.68
crypto_arb,2026-07-16,chain,Arbitrum,260986.53,87811.86,37977.36
crypto_arb,2026-07-17,chain,Arbitrum,276464.57,93332.65,36424.65
crypto_arb,2026-07-18,chain,Arbitrum,153988.93,43786.58,12987.6
crypto_arb,2026-07-19,chain,Arbitrum,182130.6,57570.68,22869.16
crypto_arb,2026-07-20,chain,Arbitrum,806809.4,193025.54,51622.29
crypto_arb,2026-07-21,chain,Arbitrum,211013.65,69254.99,26860.55
crypto_arb,2026-07-22,chain,Arbitrum,384703.46,107469.11,38838.96
crypto_arb,2026-07-23,chain,Arbitrum,648614.54,89901.82999999999,24619.63
crypto_arb,2026-07-24,chain,Arbitrum,331396.75999999995,91733.53,30977.010000000002
crypto_arb,2026-07-25,chain,Arbitrum,139749.38999999998,46927.20999999999,16115.189999999997
crypto_arb,2026-07-26,chain,Arbitrum,202841.69999999995,90125.85999999996,14248.430000000002
crypto_arb,2026-07-27,chain,Arbitrum,1789370.480000001,363967.4900000001,79992.99
crypto_arb,2026-07-28,chain,Arbitrum,714229.1100000005,188114.01,49308.630000000005
crypto_arb,2026-07-29,chain,Arbitrum,333123.61,89423.95,30192.389999999996
crypto_arb,2026-07-30,chain,Arbitrum,486636.43,163447.2500000001,26568.000000000004
crypto_arb,2026-07-31,chain,Arbitrum,258476.46999999988,79630.89999999998,28775.110000000004
crypto_arb,2026-08-01,chain,Arbitrum,154621.97,53825.90999999999,20401.11
crypto_arb,2026-08-02,chain,Arbitrum,170198.6,52439.29000000001,22830.53
crypto_arb,2026-08-03,chain,Arbitrum,446936.42000000004,118046.98999999998,37664.270000000004
crypto_arb,2026-08-04,chain,Arbitrum,375016.35999999987,224439.86999999997,34879.29999999999
crypto_arb,2026-08-05,chain,Arbitrum,418452.69000000006,98892.15999999999,25070.7
crypto_arb,2026-08-06,chain,Arbitrum,250262.87000000008,79011.49999999999,22673.89
crypto_arb,2026-08-07,chain,Arbitrum,206963.25999999995,59304.08999999999,20350.719999999998
crypto_arb,2026-08-08,chain,Arbitrum,107161.44,31449.820000000003,6461.820000000001
crypto_arb,2026-08-09,chain,Arbitrum,138711.05999999994,48279.580000000016,19492.860000000004
crypto_arb,2026-08-10,chain,Arbitrum,217555.09,64731.28999999999,24402.47
crypto_arb,2026-08-11,chain,Arbitrum,242011.85,65265.19999999999,25363.39
crypto_arb,2026-08-12,chain,Arbitrum,238115.25,75117.97999999998,32426.73
crypto_arb,2026-08-13,chain,Arbitrum,1533576.2600000002,328853.16,29935.4
crypto_arb,2026-08-14,chain,Arbitrum,220495.15999999995,66339.69999999998,26334.800000000003
crypto_arb,2026-08-15,chain,Arbitrum,142873.19999999998,44178.380000000005,18606.720000000005
crypto_arb,2026-08-16,chain,Arbitrum,148808.51,43888.26,15871.359999999999
crypto_arb,2026-08-17,chain,Arbitrum,315591.7300000001,103370.35,41915.84
crypto_arb,2026-08-18,chain,Arbitrum,265977.43999999994,82259.09999999995,38555.57
crypto_arb,2026-08-19,chain,Arbitrum,422095.0799999998,162235.85,91114.03
crypto_arb,2026-08-20,chain,Arbitrum,522334.95999999996,185790.86,69883.43999999999
crypto_arb,2026-08-21,chain,Arbitrum,657554.6,206495.2700000001,111495.91000000002
crypto_bnb,2026-05-25,chain,BSC,977187.7300000001,440808.17,70643.0
crypto_bnb,2026-05-26,chain,BSC,867892.3000000002,380439.76,67838.0
crypto_bnb,2026-05-27,chain,BSC,863724.7100000001,357737.38,62752.0
crypto_bnb,2026-05-28,chain,BSC,859651.0000000001,401652.81000000006,61312.0
crypto_bnb,2026-05-29,chain,BSC,844392.0499999999,396194.51,63548.0
crypto_bnb,2026-05-30,chain,BSC,1047620.0499999999,491774.39999999997,93276.0
crypto_bnb,2026-05-31,chain,BSC,1243124.0,602164.53,81910.0
crypto_bnb,2026-06-01,chain,BSC,1434075.1500000001,736069.47,104856.0
crypto_bnb,2026-06-02,chain,BSC,1510556.37,698822.09,170803.0
crypto_bnb,2026-06-03,chain,BSC,1046794.97,475414.58,115375.0
crypto_bnb,2026-06-04,chain,BSC,1129605.6800000002,470912.57,136828.0
crypto_bnb,2026-06-05,chain,BSC,1243907.2300000002,580764.25,165632.0
crypto_bnb,2026-06-06,chain,BSC,914852.2100000001,384389.2,117467.0
crypto_bnb,2026-06-07,chain,BSC,1079015.1800000002,445335.81000000006,121622.0
crypto_bnb,2026-06-08,chain,BSC,1070835.46,499707.67,95736.0
crypto_bnb,2026-06-09,chain,BSC,1554121.03,652927.88,175147.0
crypto_bnb,2026-06-10,chain,BSC,849428.31,385729.31000000006,77312.0
crypto_bnb,2026-06-11,chain,BSC,1079627.79,495262.29000000004,99305.0
crypto_bnb,2026-06-12,chain,BSC,1037251.74,451329.86,78048.0
crypto_bnb,2026-06-13,chain,BSC,1051965.18,354516.95,116956.0
crypto_bnb,2026-06-14,chain,BSC,1005080.9700000001,335427.18999999994,82621.0
crypto_bnb,2026-06-15,chain,BSC,949854.5800000001,392711.88,79862.0
crypto_bnb,2026-06-16,chain,BSC,946497.2200000001,393723.35,78109.0
crypto_bnb,2026-06-17,chain,BSC,1119485.1500000001,518977.98,93620.0
crypto_bnb,2026-06-18,chain,BSC,897117.9700000001,376673.28,71968.0
crypto_bnb,2026-06-19,chain,BSC,660474.6200000001,248238.03000000003,60287.0
crypto_bnb,2026-06-20,chain,BSC,700710.2500000001,257480.32000000004,55346.0
crypto_bnb,2026-06-21,chain,BSC,721065.8900000001,256444.40000000002,70001.0
crypto_bnb,2026-06-22,chain,BSC,913935.7100000001,364582.19,61078.0
crypto_bnb,2026-06-23,chain,BSC,878330.8200000002,309069.56000000006,65771.0
crypto_bnb,2026-06-24,chain,BSC,940319.4,401727.43000000005,103431.4
crypto_bnb,2026-06-25,chain,BSC,922471.7400000001,359969.82,81557.49
crypto_bnb,2026-06-26,chain,BSC,896716.56,349100.14,83420.0
crypto_bnb,2026-06-27,chain,BSC,741179.27,291294.13,67960.0
crypto_bnb,2026-06-28,chain,BSC,777390.01,321751.8,68311.0
crypto_bnb,2026-06-29,chain,BSC,859655.8200000001,362206.14999999997,55520.990000000005
crypto_bnb,2026-06-30,chain,BSC,929355.52,374378.1,84774.1
crypto_bnb,2026-07-01,chain,BSC,946421.03,401633.91,60125.0
crypto_bnb,2026-07-02,chain,BSC,906912.93,375805.53,70163.0
crypto_bnb,2026-07-03,chain,BSC,871633.9400000001,346317.65,58390.0
crypto_bnb,2026-07-04,chain,BSC,1024757.6200000001,438664.67000000004,46688.0
crypto_bnb,2026-07-05,chain,BSC,2280915.95,1281964.54,83580.0
crypto_bnb,2026-07-06,chain,BSC,1849945.1400000001,1038816.52,51121.0
crypto_bnb,2026-07-07,chain,BSC,1631676.07,833494.96,80739.73
crypto_bnb,2026-07-08,chain,BSC,1097904.4700000002,514590.02,80779.0
crypto_bnb,2026-07-09,chain,BSC,967173.2700000001,369592.77,55730.0
crypto_bnb,2026-07-10,chain,BSC,972200.8500000001,359821.0200000001,47139.0
crypto_bnb,2026-07-11,chain,BSC,906247.5300000001,299821.02999999997,61890.020000000004
crypto_bnb,2026-07-12,chain,BSC,1065980.1700000002,431586.59,69783.0
crypto_bnb,2026-07-13,chain,BSC,748999.46,274468.02,83886.0
crypto_bnb,2026-07-14,chain,BSC,1088814.62,447822.51999999996,69215.0
crypto_bnb,2026-07-15,chain,BSC,960046.0000000001,348398.37,59575.0
crypto_bnb,2026-07-16,chain,BSC,733349.9800000001,267045.57999999996,59605.0
crypto_bnb,2026-07-17,chain,BSC,810171.62,324076.49,59473.0
crypto_bnb,2026-07-18,chain,BSC,813391.4900000001,322717.34,38678.0
crypto_bnb,2026-07-19,chain,BSC,1121126.75,482556.35000000003,53222.0
crypto_bnb,2026-07-20,chain,BSC,824373.3800000001,395367.97000000003,55269.0
crypto_bnb,2026-07-21,chain,BSC,817193.64,376392.19,44708.0
crypto_bnb,2026-07-22,chain,BSC,721850.8099999999,321952.97000000003,57770.0
crypto_bnb,2026-07-23,chain,BSC,748473.6100000001,308789.75999999995,54378.0
crypto_bnb,2026-07-24,chain,BSC,741634.9800000001,272768.6400000001,38869.03
crypto_bnb,2026-07-25,chain,BSC,643476.9399999998,294434.87,49591.560000000005
crypto_bnb,2026-07-26,chain,BSC,654950.3499999997,294040.96,30845.66
crypto_bnb,2026-07-27,chain,BSC,859864.3000000003,412256.99000000005,60940.78
crypto_bnb,2026-07-28,chain,BSC,944120.1399999998,462917.03999999986,54649.049999999996
crypto_bnb,2026-07-29,chain,BSC,850239.9199999999,376964.60000000003,50627.14000000001
crypto_bnb,2026-07-30,chain,BSC,1846221.1400000004,1069624.36,120964.25
crypto_bnb,2026-07-31,chain,BSC,2077325.9800000007,1206139.9200000006,115879.79000000001
crypto_bnb,2026-08-01,chain,BSC,2271658.3700000006,1477572.8399999996,139287.99000000002
crypto_bnb,2026-08-02,chain,BSC,2826292.240000001,1478887.93,319840.48
crypto_bnb,2026-08-03,chain,BSC,2187157.2300000004,1282218.1999999993,147250.13
crypto_bnb,2026-08-04,chain,BSC,1983620.3600000003,1159124.95,131637.99000000002
crypto_bnb,2026-08-05,chain,BSC,2004284.67,1136002.5999999999,158975.27
crypto_bnb,2026-08-06,chain,BSC,1550464.4300000002,810130.09,121539.82999999999
crypto_bnb,2026-08-07,chain,BSC,1524110.1300000008,808396.88,119344.72999999998
crypto_bnb,2026-08-08,chain,BSC,1465315.5499999998,805599.9700000002,117253.99999999999
crypto_bnb,2026-08-09,chain,BSC,1614415.55,786988.3600000005,177174.92000000004
crypto_bnb,2026-08-10,chain,BSC,2291418.49,1160968.3600000006,238874.17
crypto_bnb,2026-08-11,chain,BSC,1517320.7599999998,797553.28,107247.11
crypto_bnb,2026-08-12,chain,BSC,1535230.7000000002,782640.3900000004,109753.22
crypto_bnb,2026-08-13,chain,BSC,1681901.3900000001,935147.7299999999,125271.72
crypto_bnb,2026-08-14,chain,BSC,1436687.0200000005,755505.2300000001,116662.97
crypto_bnb,2026-08-15,chain,BSC,1928518.03,1161376.9300000002,144182.08999999994
crypto_bnb,2026-08-16,chain,BSC,2673915.07,1557787.5300000005,216245.77
crypto_bnb,2026-08-17,chain,BSC,2310141.9000000004,1408871.9000000001,151202.2
crypto_bnb,2026-08-18,chain,BSC,2487171.9299999992,1557879.49,174323.01999999996
crypto_bnb,2026-08-19,chain,BSC,2234365.2999999993,1339405.9200000002,135361.13999999996
crypto_bnb,2026-08-20,chain,BSC,3021431.21,1783815.65,207230.12999999998
crypto_bnb,2026-08-21,chain,BSC,2871596.9999999995,1387461.9899999998,180060.79000000004
crypto_btc,2026-05-25,chain,Bitcoin,2876.0,2205.0,
crypto_btc,2026-05-26,chain,Bitcoin,2141.0,1641.0,
crypto_btc,2026-05-27,chain,Bitcoin,1414.0,1084.0,
crypto_btc,2026-05-28,chain,Bitcoin,1235.0,947.0,
crypto_btc,2026-05-29,chain,Bitcoin,1502.0,1151.0,
crypto_btc,2026-05-30,chain,Bitcoin,159.0,122.0,
crypto_btc,2026-05-31,chain,Bitcoin,299.0,229.0,
crypto_btc,2026-06-01,chain,Bitcoin,383.0,294.0,
crypto_btc,2026-06-02,chain,Bitcoin,1133.0,869.0,
crypto_btc,2026-06-03,chain,Bitcoin,1740.0,1335.0,
crypto_btc,2026-06-04,chain,Bitcoin,2207.0,1694.0,
crypto_btc,2026-06-05,chain,Bitcoin,3742.0,2869.0,
crypto_btc,2026-06-06,chain,Bitcoin,1705.0,1308.0,
crypto_btc,2026-06-07,chain,Bitcoin,705.0,541.0,
crypto_btc,2026-06-08,chain,Bitcoin,813.0,624.0,
crypto_btc,2026-06-09,chain,Bitcoin,829.0,636.0,
crypto_btc,2026-06-10,chain,Bitcoin,1050.0,805.0,
crypto_btc,2026-06-11,chain,Bitcoin,1947.0,1492.0,
crypto_btc,2026-06-12,chain,Bitcoin,898.0,688.0,
crypto_btc,2026-06-13,chain,Bitcoin,428.0,328.0,
crypto_btc,2026-06-14,chain,Bitcoin,1293.0,991.0,
crypto_btc,2026-06-15,chain,Bitcoin,1076.0,827.0,
crypto_btc,2026-06-16,chain,Bitcoin,2604.0,1996.0,
crypto_btc,2026-06-17,chain,Bitcoin,2588.0,1984.0,
crypto_btc,2026-06-18,chain,Bitcoin,815.0,627.0,
crypto_btc,2026-06-19,chain,Bitcoin,2547.0,1952.0,
crypto_btc,2026-06-20,chain,Bitcoin,672.0,515.0,
crypto_btc,2026-06-21,chain,Bitcoin,456.0,350.0,
crypto_btc,2026-06-22,chain,Bitcoin,2003.0,730.0,65.0
crypto_btc,2026-06-23,chain,Bitcoin,7372.0,1277.0,349.0
crypto_btc,2026-06-24,chain,Bitcoin,3730.0,661.0,175.0
crypto_btc,2026-06-25,chain,Bitcoin,3398.0,935.0,133.0
crypto_btc,2026-06-26,chain,Bitcoin,2554.0,1004.0,76.0
crypto_btc,2026-06-27,chain,Bitcoin,5296.0,926.0,251.0
crypto_btc,2026-06-28,chain,Bitcoin,1224.0,433.0,39.0
crypto_btc,2026-06-29,chain,Bitcoin,4337.0,1242.0,167.0
crypto_btc,2026-06-30,chain,Bitcoin,11420.0,4800.0,316.0
crypto_btc,2026-07-01,chain,Bitcoin,6717.0,1949.0,251.0
crypto_btc,2026-07-02,chain,Bitcoin,6787.0,1282.0,309.0
crypto_btc,2026-07-03,chain,Bitcoin,6559.0,1239.0,299.0
crypto_btc,2026-07-04,chain,Bitcoin,4352.0,939.0,188.0
crypto_btc,2026-07-05,chain,Bitcoin,7338.0,2251.0,266.0
crypto_btc,2026-07-06,chain,Bitcoin,4926.0,998.0,218.0
crypto_btc,2026-07-07,chain,Bitcoin,7383.0,1492.0,327.0
crypto_btc,2026-07-08,chain,Bitcoin,5053.0,1185.0,211.0
crypto_btc,2026-07-09,chain,Bitcoin,5441.0,1663.0,200.0
crypto_btc,2026-07-10,chain,Bitcoin,4230.0,1040.0,174.0
crypto_btc,2026-07-11,chain,Bitcoin,8186.0,1366.0,387.0
crypto_btc,2026-07-12,chain,Bitcoin,8411.0,1476.0,395.0
crypto_btc,2026-07-13,chain,Bitcoin,5700.0,1290.0,246.0
crypto_btc,2026-07-14,chain,Bitcoin,17883.0,3613.0,806.0
crypto_btc,2026-07-15,chain,Bitcoin,10355.0,1666.0,497.0
crypto_btc,2026-07-16,chain,Bitcoin,21275.0,3303.0,1043.0
crypto_btc,2026-07-17,chain,Bitcoin,6774.0,1207.0,317.0
crypto_btc,2026-07-18,chain,Bitcoin,5489.0,1344.0,228.0
crypto_btc,2026-07-19,chain,Bitcoin,6400.0,1042.0,309.0
crypto_btc,2026-07-20,chain,Bitcoin,13840.0,2350.0,661.0
crypto_btc,2026-07-21,chain,Bitcoin,7110.0,1143.0,340.0
crypto_btc,2026-07-22,chain,Bitcoin,10775.0,2005.0,497.0
crypto_btc,2026-07-23,chain,Bitcoin,11477.0,2448.0,505.0
crypto_btc,2026-07-24,chain,Bitcoin,10188.0,1768.0,481.0
crypto_btc,2026-07-25,chain,Bitcoin,42128.0,6661.0,2063.0
crypto_btc,2026-07-26,chain,Bitcoin,4705.12,791.12,221.0
crypto_btc,2026-07-27,chain,Bitcoin,4841.26,718.26,237.0
crypto_btc,2026-07-28,chain,Bitcoin,4221.05,634.05,211.0
crypto_btc,2026-07-29,chain,Bitcoin,13144.51,1970.51,656.0
crypto_btc,2026-07-30,chain,Bitcoin,19140.23,2870.23,956.0
crypto_btc,2026-07-31,chain,Bitcoin,7429.44,1117.44,370.0
crypto_btc,2026-08-01,chain,Bitcoin,5220.53,785.53,261.0
crypto_btc,2026-08-02,chain,Bitcoin,4871.01,732.01,243.0
crypto_btc,2026-08-03,chain,Bitcoin,6838.43,1027.43,340.0
crypto_btc,2026-08-04,chain,Bitcoin,14383.07,2156.07,718.0
crypto_btc,2026-08-05,chain,Bitcoin,11435.14,1713.14,570.0
crypto_btc,2026-08-06,chain,Bitcoin,8102.11,1216.11,405.0
crypto_btc,2026-08-07,chain,Bitcoin,13814.0,2072.0,689.0
crypto_btc,2026-08-08,chain,Bitcoin,5882.0,892.0,292.0
crypto_btc,2026-08-09,chain,Bitcoin,4946.0,742.0,247.0
crypto_btc,2026-08-10,chain,Bitcoin,8997.0,1346.0,449.0
crypto_btc,2026-08-11,chain,Bitcoin,3987.0,594.0,198.0
crypto_btc,2026-08-12,chain,Bitcoin,4202.0,629.0,210.0
crypto_btc,2026-08-13,chain,Bitcoin,6396.0,960.0,319.0
crypto_btc,2026-08-14,chain,Bitcoin,5285.0,792.0,263.0
crypto_btc,2026-08-15,chain,Bitcoin,2629.0,393.0,130.0
crypto_btc,2026-08-16,chain,Bitcoin,3559.0,536.0,177.0
crypto_btc,2026-08-17,chain,Bitcoin,4407.0,659.0,219.0
crypto_btc,2026-08-18,chain,Bitcoin,6022.0,895.0,297.0
crypto_btc,2026-08-19,chain,Bitcoin,14587.0,2192.0,723.0
crypto_btc,2026-08-20,chain,Bitcoin,16008.0,2414.0,796.0
crypto_btc,2026-08-21,chain,Bitcoin,11678.0,1748.0,580.0
crypto_eth,2026-05-25,chain,Ethereum,11766964.49,1422839.9000000001,775157.0
crypto_eth,2026-05-26,chain,Ethereum,9676871.13,1734223.2600000002,808268.0
crypto_eth,2026-05-27,chain,Ethereum,8529535.8,1997651.9700000002,971771.0
crypto_eth,2026-05-28,chain,Ethereum,13388579.26,2927426.46,1783434.0
crypto_eth,2026-05-29,chain,Ethereum,9269639.730000002,1589734.62,583991.0
crypto_eth,2026-05-30,chain,Ethereum,8047184.41,1256179.7100000002,541054.0
crypto_eth,2026-05-31,chain,Ethereum,7348728.55,1170189.57,500042.0
crypto_eth,2026-06-01,chain,Ethereum,9166643.02,1746458.27,2276048.0
crypto_eth,2026-06-02,chain,Ethereum,9487206.190000001,2009316.07,686854.0
crypto_eth,2026-06-03,chain,Ethereum,11894555.65,2461173.6799999997,794682.59
crypto_eth,2026-06-04,chain,Ethereum,17274483.82,4000732.49,1722662.03
crypto_eth,2026-06-05,chain,Ethereum,20989762.759999998,5219133.140000001,530525.0
crypto_eth,2026-06-06,chain,Ethereum,12704421.12,2258231.6499999994,357435.01
crypto_eth,2026-06-07,chain,Ethereum,7532152.779999999,1495997.6600000001,348224.0
crypto_eth,2026-06-08,chain,Ethereum,11895242.32,1877913.59,396671.0
crypto_eth,2026-06-09,chain,Ethereum,8013919.77,1482103.1300000001,481372.0
crypto_eth,2026-06-10,chain,Ethereum,7656530.819999999,1576140.2,701250.0
crypto_eth,2026-06-11,chain,Ethereum,11843814.43,2493894.0999999996,2011146.0
crypto_eth,2026-06-12,chain,Ethereum,7925244.129999999,1236930.31,333488.0
crypto_eth,2026-06-13,chain,Ethereum,6122832.62,1052115.38,228464.0
crypto_eth,2026-06-14,chain,Ethereum,6397997.82,1230278.93,242245.05
crypto_eth,2026-06-15,chain,Ethereum,8819932.04,1558775.0,353583.0
crypto_eth,2026-06-16,chain,Ethereum,8186845.4799999995,1408277.5300000003,348848.0
crypto_eth,2026-06-17,chain,Ethereum,8005990.640000001,1525784.8900000004,536080.0
crypto_eth,2026-06-18,chain,Ethereum,12588789.38,2621097.5,1445550.0
crypto_eth,2026-06-19,chain,Ethereum,8275639.18,1201567.77,289736.0
crypto_eth,2026-06-20,chain,Ethereum,6323709.390000001,1142853.99,210750.0
crypto_eth,2026-06-21,chain,Ethereum,7298268.91,1215891.49,199342.0
crypto_eth,2026-06-22,chain,Ethereum,7089319.09,1334497.1400000001,241996.0
crypto_eth,2026-06-23,chain,Ethereum,7650791.12,1490945.42,198684.93
crypto_eth,2026-06-24,chain,Ethereum,8425915.14,1876395.06,1136384.0
crypto_eth,2026-06-25,chain,Ethereum,13457197.66,3089750.26,1365247.5
crypto_eth,2026-06-26,chain,Ethereum,8022032.850000001,1584552.82,247051.76
crypto_eth,2026-06-27,chain,Ethereum,6379501.4399999995,1393277.04,370512.0
crypto_eth,2026-06-28,chain,Ethereum,6462839.6899999995,1192995.99,152400.08000000002
crypto_eth,2026-06-29,chain,Ethereum,9436511.26,1465607.75,276015.0
crypto_eth,2026-06-30,chain,Ethereum,9022920.509999998,1624564.7200000002,235776.16
crypto_eth,2026-07-01,chain,Ethereum,7894022.92,1495857.6300000001,407393.0
crypto_eth,2026-07-02,chain,Ethereum,13129533.33,2575851.08,1504836.5899999999
crypto_eth,2026-07-03,chain,Ethereum,7696653.12,1455067.12,297213.0
crypto_eth,2026-07-04,chain,Ethereum,6432518.32,1141488.54,163509.0
crypto_eth,2026-07-05,chain,Ethereum,8797555.139999999,2954751.87,165632.0
crypto_eth,2026-07-06,chain,Ethereum,8963875.22,1529820.6400000001,280641.0
crypto_eth,2026-07-07,chain,Ethereum,7367689.72,1460446.21,314931.0
crypto_eth,2026-07-08,chain,Ethereum,8013537.25,1827355.2900000003,2711855.0
crypto_eth,2026-07-09,chain,Ethereum,10562101.4,2635970.27,1300039.0
crypto_eth,2026-07-10,chain,Ethereum,8673582.6,1644336.29,207233.0
crypto_eth,2026-07-11,chain,Ethereum,6927892.169999999,1285716.1,133094.0
crypto_eth,2026-07-12,chain,Ethereum,6691963.66,1183841.36,112917.0
crypto_eth,2026-07-13,chain,Ethereum,7816539.720000001,1464897.0799999998,273200.0
crypto_eth,2026-07-14,chain,Ethereum,7201256.02,1353482.5300000003,188858.0
crypto_eth,2026-07-15,chain,Ethereum,7902541.3,1694153.18,262875.0
crypto_eth,2026-07-16,chain,Ethereum,11486665.02,2524789.3699999996,1366225.0
crypto_eth,2026-07-17,chain,Ethereum,8114881.269999999,1322611.9800000004,191850.0
crypto_eth,2026-07-18,chain,Ethereum,5983553.42,1066114.84,118237.0
crypto_eth,2026-07-19,chain,Ethereum,6435960.349999999,1097708.45,128410.0
crypto_eth,2026-07-20,chain,Ethereum,8156824.249999999,1325127.81,207520.0
crypto_eth,2026-07-21,chain,Ethereum,7559917.680000001,1397179.4800000002,272256.0
crypto_eth,2026-07-22,chain,Ethereum,7803153.719999999,1591207.96,378792.0
crypto_eth,2026-07-23,chain,Ethereum,12563651.79,2595622.1199999996,1287087.0
crypto_eth,2026-07-24,chain,Ethereum,9398769.84,1512113.0299999998,167666.24
crypto_eth,2026-07-25,chain,Ethereum,7985876.550000003,1537988.8600000003,110655.71000000002
crypto_eth,2026-07-26,chain,Ethereum,7965605.62,1550641.0800000008,144492.76
crypto_eth,2026-07-27,chain,Ethereum,9228520.100000003,1708382.4300000006,285764.44999999995
crypto_eth,2026-07-28,chain,Ethereum,8077964.379999998,1476845.08,209446.25999999998
crypto_eth,2026-07-29,chain,Ethereum,7854049.329999998,1411096.1200000003,277540.23000000004
crypto_eth,2026-07-30,chain,Ethereum,13633396.0,2807650.7300000004,1357572.17
crypto_eth,2026-07-31,chain,Ethereum,8094362.6499999985,1486396.2700000005,192898.43000000008
crypto_eth,2026-08-01,chain,Ethereum,6885147.0699999975,1293899.1000000003,132849.54999999996
crypto_eth,2026-08-02,chain,Ethereum,6607811.949999999,1172216.7099999997,121260.17
crypto_eth,2026-08-03,chain,Ethereum,9398514.879999995,1625457.8100000005,229591.27000000005
crypto_eth,2026-08-04,chain,Ethereum,7619529.349999999,1349480.5900000003,174949.62
crypto_eth,2026-08-05,chain,Ethereum,7926510.78,1587988.2200000004,500991.1700000001
crypto_eth,2026-08-06,chain,Ethereum,13396411.260000002,2665786.329999999,1578630.19
crypto_eth,2026-08-07,chain,Ethereum,8796872.62,1341046.27,249814.12
crypto_eth,2026-08-08,chain,Ethereum,6491763.48,1160484.5599999996,181403.26
crypto_eth,2026-08-09,chain,Ethereum,6578204.7799999975,1224002.9700000002,194629.78000000003
crypto_eth,2026-08-10,chain,Ethereum,8987681.419999996,1474207.72,281425.65
crypto_eth,2026-08-11,chain,Ethereum,7716137.0299999975,1328965.1800000006,240465.11000000002
crypto_eth,2026-08-12,chain,Ethereum,8775450.839999998,1544443.0099999993,403832.6900000001
crypto_eth,2026-08-13,chain,Ethereum,12491233.520000001,2398157.0199999977,1356971.9999999998
crypto_eth,2026-08-14,chain,Ethereum,8052606.899999999,1366010.230000001,211850.61000000002
crypto_eth,2026-08-15,chain,Ethereum,7181370.889999998,1198759.6899999997,164577.95
crypto_eth,2026-08-16,chain,Ethereum,5892605.899999999,1068825.75,152966.58000000002
crypto_eth,2026-08-17,chain,Ethereum,8836409.790000001,1392076.75,267644.05
crypto_eth,2026-08-18,chain,Ethereum,7112211.339999996,1273948.6900000009,371906.4299999999
crypto_eth,2026-08-19,chain,Ethereum,10523185.459999997,1957846.5900000008,705378.3
crypto_eth,2026-08-20,chain,Ethereum,14468414.939999998,3021680.68,1598877.0999999999
crypto_eth,2026-08-21,chain,Ethereum,13138693.860000005,2450187.8800000004,610989.95
crypto_uni,2026-05-25,application_protocol,Uniswap,4843778.0,114788.0,114788.0
crypto_uni,2026-05-26,application_protocol,Uniswap,2176955.0,168812.0,168812.0
crypto_uni,2026-05-27,application_protocol,Uniswap,1725864.0,154592.0,154592.0
crypto_uni,2026-05-28,application_protocol,Uniswap,1360364.0,140266.0,140266.0
crypto_uni,2026-05-29,application_protocol,Uniswap,1239177.0,145477.0,145477.0
crypto_uni,2026-05-30,application_protocol,Uniswap,836222.0,48766.0,48766.0
crypto_uni,2026-05-31,application_protocol,Uniswap,1065601.0,72458.0,72458.0
crypto_uni,2026-06-01,application_protocol,Uniswap,1800330.0,173055.0,173055.0
crypto_uni,2026-06-02,application_protocol,Uniswap,2376355.0,273853.0,273853.0
crypto_uni,2026-06-03,application_protocol,Uniswap,2280025.0,274421.0,274421.0
crypto_uni,2026-06-04,application_protocol,Uniswap,2475504.0,355061.0,355061.0
crypto_uni,2026-06-05,application_protocol,Uniswap,3196756.0,456977.0,456977.0
crypto_uni,2026-06-06,application_protocol,Uniswap,1839835.0,211881.0,211881.0
crypto_uni,2026-06-07,application_protocol,Uniswap,1409754.0,169251.0,169251.0
crypto_uni,2026-06-08,application_protocol,Uniswap,2460532.0,181012.0,181012.0
crypto_uni,2026-06-09,application_protocol,Uniswap,1602119.0,148697.0,148697.0
crypto_uni,2026-06-10,application_protocol,Uniswap,1364952.0,158109.0,158109.0
crypto_uni,2026-06-11,application_protocol,Uniswap,1193852.0,149571.0,149571.0
crypto_uni,2026-06-12,application_protocol,Uniswap,994793.0,104935.0,104935.0
crypto_uni,2026-06-13,application_protocol,Uniswap,660461.0,66480.0,66480.0
crypto_uni,2026-06-14,application_protocol,Uniswap,872170.0,98373.0,98373.0
crypto_uni,2026-06-15,application_protocol,Uniswap,1331293.0,164835.0,164835.0
crypto_uni,2026-06-16,application_protocol,Uniswap,1318654.0,184224.0,184224.0
crypto_uni,2026-06-17,application_protocol,Uniswap,1761558.0,186942.0,186942.0
crypto_uni,2026-06-18,application_protocol,Uniswap,1340536.0,172810.0,172810.0
crypto_uni,2026-06-19,application_protocol,Uniswap,960110.0,90735.0,90735.0
crypto_uni,2026-06-20,application_protocol,Uniswap,873447.0,101252.0,101252.0
crypto_uni,2026-06-21,application_protocol,Uniswap,917638.0,79004.0,79004.0
crypto_uni,2026-06-22,application_protocol,Uniswap,1182817.0,119927.0,119927.0
crypto_uni,2026-06-23,application_protocol,Uniswap,1066467.0,129274.0,129274.0
crypto_uni,2026-06-24,application_protocol,Uniswap,1420340.0,220789.0,220789.0
crypto_uni,2026-06-25,application_protocol,Uniswap,1510154.0,201252.0,201252.0
crypto_uni,2026-06-26,application_protocol,Uniswap,1524630.0,222994.0,222994.0
crypto_uni,2026-06-27,application_protocol,Uniswap,572467.0,70005.0,70005.0
crypto_uni,2026-06-28,application_protocol,Uniswap,942007.0,87580.0,87580.0
crypto_uni,2026-06-29,application_protocol,Uniswap,1667948.0,166912.0,166912.0
crypto_uni,2026-06-30,application_protocol,Uniswap,1233149.0,89248.0,89248.0
crypto_uni,2026-07-01,application_protocol,Uniswap,1106754.0,158872.0,158872.0
crypto_uni,2026-07-02,application_protocol,Uniswap,1509465.0,147244.0,147244.0
crypto_uni,2026-07-03,application_protocol,Uniswap,944281.0,108146.0,108146.0
crypto_uni,2026-07-04,application_protocol,Uniswap,808501.0,70309.0,70309.0
crypto_uni,2026-07-05,application_protocol,Uniswap,1137032.0,107285.0,107285.0
crypto_uni,2026-07-06,application_protocol,Uniswap,1445436.0,146564.0,146564.0
crypto_uni,2026-07-07,application_protocol,Uniswap,1546744.0,168018.0,168018.0
crypto_uni,2026-07-08,application_protocol,Uniswap,3642888.0,145447.0,145447.0
crypto_uni,2026-07-09,application_protocol,Uniswap,2586918.0,93614.0,93614.0
crypto_uni,2026-07-10,application_protocol,Uniswap,3617100.0,99697.0,99697.0
crypto_uni,2026-07-11,application_protocol,Uniswap,5236579.0,73454.0,73454.0
crypto_uni,2026-07-12,application_protocol,Uniswap,5113405.0,80440.0,80440.0
crypto_uni,2026-07-13,application_protocol,Uniswap,4760097.0,134151.0,134151.0
crypto_uni,2026-07-14,application_protocol,Uniswap,5294961.0,125138.0,125138.0
crypto_uni,2026-07-15,application_protocol,Uniswap,5107279.0,166845.0,166845.0
crypto_uni,2026-07-16,application_protocol,Uniswap,4109263.0,131717.0,131717.0
crypto_uni,2026-07-17,application_protocol,Uniswap,4586050.0,141790.0,141790.0
crypto_uni,2026-07-18,application_protocol,Uniswap,2874143.0,28136.0,28136.0
crypto_uni,2026-07-19,application_protocol,Uniswap,2518155.0,63550.0,63550.0
crypto_uni,2026-07-20,application_protocol,Uniswap,3403576.0,147263.0,147263.0
crypto_uni,2026-07-21,application_protocol,Uniswap,3608009.0,81112.0,81112.0
crypto_uni,2026-07-22,application_protocol,Uniswap,4081168.0,120070.0,120070.0
crypto_uni,2026-07-23,application_protocol,Uniswap,4334676.0,90660.0,90660.0
crypto_uni,2026-07-24,application_protocol,Uniswap,3112308.0,83626.0,83626.0
crypto_uni,2026-07-25,application_protocol,Uniswap,2084838.5,58702.0,58702.0
crypto_uni,2026-07-26,application_protocol,Uniswap,1958261.05,69739.0,69739.0
crypto_uni,2026-07-27,application_protocol,Uniswap,3858122.58,245056.0,245056.0
crypto_uni,2026-07-28,application_protocol,Uniswap,3322086.63,339743.0,339743.0
crypto_uni,2026-07-29,application_protocol,Uniswap,3609157.27,423524.0,423524.0
crypto_uni,2026-07-30,application_protocol,Uniswap,2366418.0,264250.0,264250.0
crypto_uni,2026-07-31,application_protocol,Uniswap,2808178.4299999997,262550.0,262550.0
crypto_uni,2026-08-01,application_protocol,Uniswap,1652870.77,147864.0,147864.0
crypto_uni,2026-08-02,application_protocol,Uniswap,1750317.62,158962.0,158962.0
crypto_uni,2026-08-03,application_protocol,Uniswap,2424663.56,247362.0,247362.0
crypto_uni,2026-08-04,application_protocol,Uniswap,2262011.17,231593.0,231593.0
crypto_uni,2026-08-05,application_protocol,Uniswap,2818964.0,278792.0,278792.0
crypto_uni,2026-08-06,application_protocol,Uniswap,3186254.0,332490.0,332490.0
crypto_uni,2026-08-07,application_protocol,Uniswap,2487981.0,240698.0,240698.0
crypto_uni,2026-08-08,application_protocol,Uniswap,1935215.83,135666.0,135666.0
crypto_uni,2026-08-09,application_protocol,Uniswap,2446217.63,168301.0,168301.0
crypto_uni,2026-08-10,application_protocol,Uniswap,4492654.84,230424.0,230424.0
crypto_uni,2026-08-11,application_protocol,Uniswap,2131895.55,182036.0,182036.0
crypto_uni,2026-08-12,application_protocol,Uniswap,2263439.37,262458.0,262458.0
crypto_uni,2026-08-13,application_protocol,Uniswap,2515521.24,224882.0,224882.0
crypto_uni,2026-08-14,application_protocol,Uniswap,2390980.4699999997,236139.0,236139.0
crypto_uni,2026-08-15,application_protocol,Uniswap,1589085.2,123393.0,123393.0
crypto_uni,2026-08-16,application_protocol,Uniswap,1852742.48,118020.0,118020.0
crypto_uni,2026-08-17,application_protocol,Uniswap,1933043.74,176941.0,176941.0
crypto_uni,2026-08-18,application_protocol,Uniswap,1646171.81,137716.0,137716.0
crypto_uni,2026-08-19,application_protocol,Uniswap,2400741.0,183642.0,183642.0
crypto_uni,2026-08-20,application_protocol,Uniswap,3487514.0,346406.0,346406.0
crypto_uni,2026-08-21,application_protocol,Uniswap,5349057.0,563353.0,563353.0
