month,primary_assets_observed,primary_asset_days,breach_days_50bps,assets_breaching_50bps,mean_ape_bps,maximum_ape_bps
2019-01,3,93,28,3,36.39343733853791,119.67265770990609
2019-02,3,84,43,2,61.27812203164511,142.52851721617165
2019-03,3,93,20,2,31.740184113234186,213.58635625211343
2019-04,3,90,25,3,48.76261169076344,341.81518468113126
2019-05,3,93,34,3,42.09564816065597,142.36308663222675
2019-06,3,90,11,3,26.256110167911988,215.70774374129797
2019-07,3,93,8,3,24.295452721451664,106.31288867516852
2019-08,3,93,1,1,15.247641536161174,87.58564886349518
2019-09,3,90,3,2,14.729336592022516,58.96637593016507
2019-10,3,93,2,2,12.589882331032737,97.88876550526071
2019-11,4,102,10,1,33.82540357911787,724.6403995216599
2019-12,4,124,22,2,51.71997149524224,520.4196518089199
2020-01,4,124,17,3,31.75409712462965,301.94143948012453
2020-02,4,116,6,2,19.49022624843041,86.89871162389728
2020-03,4,124,41,4,74.58717900223812,585.118673161018
2020-04,4,120,38,4,55.10578319000173,343.0076955481187
2020-05,4,124,19,4,24.65566148780015,170.27144092285783
2020-06,4,120,17,3,19.68926854808221,108.05778443604864
2020-07,4,124,34,3,46.47383884177956,340.4966156044997
2020-08,4,124,28,1,39.522941480568726,234.90536095606583
2020-09,4,120,31,2,55.26873782952912,378.4878257986235
2020-10,4,124,29,2,27.61753123300843,135.19003539939513
2020-11,4,120,16,2,27.582592502349474,550.5774134418617
2020-12,5,135,22,5,30.031568348471506,266.91972551026953
2021-01,5,155,41,5,40.46011579078045,255.7043312709273
2021-02,5,140,35,5,34.31310484545591,190.89130280156576
2021-03,5,155,29,5,33.00408278080157,121.48341282944175
2021-04,5,150,17,2,22.521793491410804,163.38137661249584
2021-05,5,155,41,5,34.18644523357669,142.02740475125154
2021-06,5,150,30,5,32.63986065841114,158.68086035857766
2021-07,5,155,31,5,32.35652259930936,101.46296962208146
2021-08,5,155,10,4,16.391977163382116,84.18504705240525
2021-09,5,150,14,4,26.715068804735502,177.85017051672347
2021-10,5,155,27,5,33.32129316174378,198.88270602566482
2021-11,5,150,42,5,37.26306987145608,213.81613767121
2021-12,5,155,14,3,22.17237272863697,149.22035714974635
2022-01,5,155,14,4,20.900871625090208,106.95313377471427
2022-02,5,140,2,2,15.344686136181476,109.24731938479759
2022-03,5,155,2,2,8.664671325276665,78.60367609345609
2022-04,5,150,6,3,10.8920189872672,75.3987038798809
2022-05,6,179,2,2,16.13935799450582,89.00799866595533
2022-06,6,180,19,3,33.14867671567244,386.81280223976654
2022-07,6,185,18,6,19.03400005456413,207.4891275728552
2022-08,6,181,5,2,15.041223348584971,146.58269395580348
2022-09,6,177,2,1,11.510455810460813,63.36250490019846
2022-10,6,180,1,1,9.449784219745046,74.84434328545065
2022-11,6,180,23,2,25.004234676579888,233.5556832338037
2022-12,6,186,31,1,36.598530466696594,255.14000000000036
2023-01,6,186,32,2,39.47600574148136,273.76999999999987
2023-02,6,168,16,3,16.990058071969244,131.12000000000012
2023-03,6,186,41,6,34.448491922718596,397.35999999999996
2023-04,6,180,30,1,23.34677777777747,146.53000000000026
2023-05,6,186,3,3,8.359784946236402,88.27999999999948
2023-06,6,180,0,0,7.163166666666573,49.999999999998934
2023-07,8,207,14,1,15.036183574879109,185.84000000000046
2023-08,9,260,36,3,36.10590924626699,341.1299999999995
2023-09,9,270,33,2,39.940950229841505,351.8500000000002
2023-10,9,279,32,2,40.53113084667096,406.6000000000003
2023-11,9,270,37,5,51.327739090206734,419.39999999999975
2023-12,10,289,64,4,41.32093387662887,249.99999999999912
2024-01,10,309,70,4,43.64459131870627,243.48000000000036
2024-02,10,290,61,5,36.74425589978983,384.87999999999965
2024-03,10,310,49,7,26.627451764568345,260.0000000000002
2024-04,10,300,40,5,25.295936208102997,267.7799999999997
2024-05,10,310,7,3,12.456640859198096,298.0700000000003
2024-06,10,300,1,1,12.244702253250932,53.06000000000033
2024-07,10,310,11,2,15.587944453802766,82.56000000000041
2024-08,10,310,5,4,11.672443280427112,105.43484236484657
2024-09,11,304,21,5,20.121052631578802,409.99999999999926
2024-10,11,341,17,3,20.939584120536214,418.14000000000016
2024-11,12,355,27,6,20.130450704225158,911.1999999999998
2024-12,13,385,27,6,19.83001232586235,260.0000000000002
2025-01,13,401,13,6,28.48667219140333,6499.999999999999
2025-02,13,362,3,2,9.740582261781984,123.59000000000009
2025-03,13,403,0,0,6.2726707280889595,49.78999999999956
2025-04,14,409,4,2,6.153569682151539,149.99999999999903
2025-05,14,434,1,1,5.342701653943855,55.5300000000003
2025-06,14,420,3,2,6.377380952380834,100.67999999999967
2025-07,14,431,0,0,5.532371148609469,33.41000000000038
2025-08,14,434,1,1,7.153789816002156,59.32000000000048
2025-09,14,420,0,0,7.4333571428570435,42.11999999999993
2025-10,14,434,0,0,7.317680786746242,49.35502141095949
2025-11,14,420,27,3,13.067007707365596,88.29112150200214
2025-12,14,434,31,1,11.77117630804974,86.27381228713205
2026-01,14,434,31,2,12.438431247527639,152.9971255630813
2026-02,14,392,26,2,11.821600565393705,210.34645518938743
2026-03,14,434,29,1,8.875081868365926,206.8402535383773
2026-04,14,420,29,1,8.359563076690927,108.84097379026846
2026-05,14,434,29,1,10.313693526590408,110.7910506848564
2026-06,14,420,28,1,13.57556194211512,151.5380030879987
2026-07,14,434,31,2,15.292387522443695,183.44433269654402
2026-08,14,308,22,1,14.554393698224944,113.7906569863556
