asset_id,metric,expected_rows,observed_rows,coverage_ratio,gate
stable_dai,global_peggedusd_supply_share,362,362,1.0,pass
stable_dai,supply_growth_30d,362,362,1.0,pass
stable_dai,material_chain_count_1m_usd_lag1,362,362,1.0,pass
stable_dai,effective_chain_count_lag1,362,362,1.0,pass
stable_dai,top_chain_share_lag1,362,362,1.0,pass
stable_dai,volume_to_reported_market_cap_lag1,362,361,0.9972375690607734,pass
stable_dai,complete_recent_h7_row,362,361,0.9972375690607734,pass
stable_fdusd,global_peggedusd_supply_share,362,362,1.0,pass
stable_fdusd,supply_growth_30d,362,362,1.0,pass
stable_fdusd,material_chain_count_1m_usd_lag1,362,362,1.0,pass
stable_fdusd,effective_chain_count_lag1,362,362,1.0,pass
stable_fdusd,top_chain_share_lag1,362,362,1.0,pass
stable_fdusd,volume_to_reported_market_cap_lag1,362,361,0.9972375690607734,pass
stable_fdusd,complete_recent_h7_row,362,361,0.9972375690607734,pass
stable_frax,global_peggedusd_supply_share,362,362,1.0,pass
stable_frax,supply_growth_30d,362,358,0.988950276243094,pass
stable_frax,material_chain_count_1m_usd_lag1,362,362,1.0,pass
stable_frax,effective_chain_count_lag1,362,362,1.0,pass
stable_frax,top_chain_share_lag1,362,362,1.0,pass
stable_frax,volume_to_reported_market_cap_lag1,362,361,0.9972375690607734,pass
stable_frax,complete_recent_h7_row,362,357,0.9861878453038674,pass
stable_gho,global_peggedusd_supply_share,362,362,1.0,pass
stable_gho,supply_growth_30d,362,362,1.0,pass
stable_gho,material_chain_count_1m_usd_lag1,362,362,1.0,pass
stable_gho,effective_chain_count_lag1,362,362,1.0,pass
stable_gho,top_chain_share_lag1,362,362,1.0,pass
stable_gho,volume_to_reported_market_cap_lag1,362,361,0.9972375690607734,pass
stable_gho,complete_recent_h7_row,362,361,0.9972375690607734,pass
stable_pyusd,global_peggedusd_supply_share,362,362,1.0,pass
stable_pyusd,supply_growth_30d,362,362,1.0,pass
stable_pyusd,material_chain_count_1m_usd_lag1,362,362,1.0,pass
stable_pyusd,effective_chain_count_lag1,362,362,1.0,pass
stable_pyusd,top_chain_share_lag1,362,362,1.0,pass
stable_pyusd,volume_to_reported_market_cap_lag1,362,361,0.9972375690607734,pass
stable_pyusd,complete_recent_h7_row,362,361,0.9972375690607734,pass
stable_rlusd,global_peggedusd_supply_share,362,362,1.0,pass
stable_rlusd,supply_growth_30d,362,362,1.0,pass
stable_rlusd,material_chain_count_1m_usd_lag1,362,362,1.0,pass
stable_rlusd,effective_chain_count_lag1,362,362,1.0,pass
stable_rlusd,top_chain_share_lag1,362,362,1.0,pass
stable_rlusd,volume_to_reported_market_cap_lag1,362,361,0.9972375690607734,pass
stable_rlusd,complete_recent_h7_row,362,361,0.9972375690607734,pass
stable_tusd,global_peggedusd_supply_share,362,362,1.0,pass
stable_tusd,supply_growth_30d,362,362,1.0,pass
stable_tusd,material_chain_count_1m_usd_lag1,362,362,1.0,pass
stable_tusd,effective_chain_count_lag1,362,362,1.0,pass
stable_tusd,top_chain_share_lag1,362,362,1.0,pass
stable_tusd,volume_to_reported_market_cap_lag1,362,361,0.9972375690607734,pass
stable_tusd,complete_recent_h7_row,362,361,0.9972375690607734,pass
stable_usd1,global_peggedusd_supply_share,362,362,1.0,pass
stable_usd1,supply_growth_30d,362,362,1.0,pass
stable_usd1,material_chain_count_1m_usd_lag1,362,362,1.0,pass
stable_usd1,effective_chain_count_lag1,362,362,1.0,pass
stable_usd1,top_chain_share_lag1,362,362,1.0,pass
stable_usd1,volume_to_reported_market_cap_lag1,362,361,0.9972375690607734,pass
stable_usd1,complete_recent_h7_row,362,361,0.9972375690607734,pass
stable_usdc,global_peggedusd_supply_share,362,362,1.0,pass
stable_usdc,supply_growth_30d,362,362,1.0,pass
stable_usdc,material_chain_count_1m_usd_lag1,362,362,1.0,pass
stable_usdc,effective_chain_count_lag1,362,362,1.0,pass
stable_usdc,top_chain_share_lag1,362,362,1.0,pass
stable_usdc,volume_to_reported_market_cap_lag1,362,361,0.9972375690607734,pass
stable_usdc,complete_recent_h7_row,362,361,0.9972375690607734,pass
stable_usdd,global_peggedusd_supply_share,362,317,0.8756906077348067,pass
stable_usdd,supply_growth_30d,362,317,0.8756906077348067,pass
stable_usdd,material_chain_count_1m_usd_lag1,362,318,0.8784530386740331,pass
stable_usdd,effective_chain_count_lag1,362,318,0.8784530386740331,pass
stable_usdd,top_chain_share_lag1,362,318,0.8784530386740331,pass
stable_usdd,volume_to_reported_market_cap_lag1,362,361,0.9972375690607734,pass
stable_usdd,complete_recent_h7_row,362,316,0.8729281767955801,pass
stable_usde,global_peggedusd_supply_share,362,362,1.0,pass
stable_usde,supply_growth_30d,362,362,1.0,pass
stable_usde,material_chain_count_1m_usd_lag1,362,362,1.0,pass
stable_usde,effective_chain_count_lag1,362,362,1.0,pass
stable_usde,top_chain_share_lag1,362,362,1.0,pass
stable_usde,volume_to_reported_market_cap_lag1,362,361,0.9972375690607734,pass
stable_usde,complete_recent_h7_row,362,361,0.9972375690607734,pass
stable_usdg,global_peggedusd_supply_share,362,362,1.0,pass
stable_usdg,supply_growth_30d,362,362,1.0,pass
stable_usdg,material_chain_count_1m_usd_lag1,362,362,1.0,pass
stable_usdg,effective_chain_count_lag1,362,362,1.0,pass
stable_usdg,top_chain_share_lag1,362,362,1.0,pass
stable_usdg,volume_to_reported_market_cap_lag1,362,361,0.9972375690607734,pass
stable_usdg,complete_recent_h7_row,362,361,0.9972375690607734,pass
stable_usds,global_peggedusd_supply_share,362,362,1.0,pass
stable_usds,supply_growth_30d,362,362,1.0,pass
stable_usds,material_chain_count_1m_usd_lag1,362,362,1.0,pass
stable_usds,effective_chain_count_lag1,362,362,1.0,pass
stable_usds,top_chain_share_lag1,362,362,1.0,pass
stable_usds,volume_to_reported_market_cap_lag1,362,361,0.9972375690607734,pass
stable_usds,complete_recent_h7_row,362,361,0.9972375690607734,pass
stable_usdt,global_peggedusd_supply_share,362,362,1.0,pass
stable_usdt,supply_growth_30d,362,362,1.0,pass
stable_usdt,material_chain_count_1m_usd_lag1,362,362,1.0,pass
stable_usdt,effective_chain_count_lag1,362,362,1.0,pass
stable_usdt,top_chain_share_lag1,362,362,1.0,pass
stable_usdt,volume_to_reported_market_cap_lag1,362,361,0.9972375690607734,pass
stable_usdt,complete_recent_h7_row,362,361,0.9972375690607734,pass
