asset_id,sample_tier,failure_control,start_date,end_date,observations,mean_ape_bps,median_ape_bps,p95_ape_bps,p99_ape_bps,maximum_ape_bps,mean_signed_deviation_bps,downside_days,episode_count_50bps,recovered_episode_count,censored_episode_count,median_episode_days,maximum_episode_days,total_area_under_deviation_bps_days,breach_days_10bps,breach_rate_10bps,breach_days_25bps,breach_rate_25bps,breach_days_50bps,breach_rate_50bps,breach_days_100bps,breach_rate_100bps,breach_days_500bps,breach_rate_500bps
stable_dai,market_core,0,2019-11-19,2026-08-22,2466,26.342329756666587,6.875444636287864,134.74061759197687,289.1498529185341,724.6403995216599,11.3634992809758,1212,54,54,0,2.0,119.0,47348.45443219722,957,0.3880778588807786,555,0.22506082725060828,326,0.1321978913219789,175,0.07096512570965126,4,0.0016220600162206002
stable_fdusd,structural_coverage,0,2023-07-27,2026-08-22,1123,16.999461651954284,14.180000000000303,40.00000000000003,69.99999999999895,141.56999999999977,-10.28628628397713,864,29,29,0,1.0,27.0,3540.1907620695547,699,0.622439893143366,248,0.22083704363312556,32,0.028495102404274265,5,0.004452359750667854,0,0.0
stable_frax,structural_coverage,0,2020-12-21,2026-08-22,2066,34.917669347108614,24.208672656172435,98.0995826349662,148.05752893154465,344.2199999999995,-17.475985583568814,1522,104,103,1,2.0,114.0,49155.174700332616,1553,0.7516940948693127,1007,0.4874152952565344,515,0.24927395934172314,92,0.044530493707647625,0,0.0
stable_gho,growth_sleeve,0,2023-07-16,2026-08-22,1132,56.24269688875032,10.877449991937848,281.42900000000037,401.5917,419.39999999999975,-52.7194852436817,993,13,13,0,5.0,198.0,55840.13967775122,600,0.5300353356890459,363,0.3206713780918728,288,0.254416961130742,200,0.17667844522968199,0,0.0
stable_pyusd,growth_sleeve,0,2023-08-16,2026-08-22,1099,6.48184578672195,3.0598073306531415,22.487999999999936,40.81015169044807,160.00000000000014,-3.9782153612304962,843,5,4,1,1.0,2.0,539.3199999999998,193,0.17561419472247497,40,0.036396724294813464,6,0.00545950864422202,2,0.0018198362147406734,0,0.0
stable_rlusd,growth_sleeve,0,2024-12-18,2026-08-22,613,4.113623126638924,1.7227358104054957,12.065999999999903,45.48400000000012,190.46000000000006,-1.4658685453203153,419,3,3,0,3.0,6.0,716.3699999999984,36,0.05872756933115824,14,0.022838499184339316,6,0.009787928221859706,2,0.0032626427406199023,0,0.0
stable_tusd,structural_coverage,0,2019-01-01,2026-08-22,2788,22.557608252302714,13.707436488497592,67.84264167557421,182.51550000000066,550.5774134418617,-3.571662306576995,1658,84,84,0,2.0,47.0,27833.214785604207,1667,0.5979196556671449,745,0.26721664275466284,216,0.07747489239598278,88,0.03156384505021521,1,0.0003586800573888092
stable_usd1,market_core,0,2025-04-12,2026-08-22,498,6.857346534343001,6.112078204074112,16.08618279411894,22.792899999999314,149.99999999999903,-2.9628106019769533,354,1,1,0,1.0,1.0,149.99999999999903,95,0.19076305220883535,5,0.010040160642570281,1,0.002008032128514056,1,0.002008032128514056,0,0.0
stable_usdc,market_core,0,2019-01-01,2026-08-22,2788,13.080443469647427,5.125917224965693,52.70826905118312,106.41291136264805,397.35999999999996,3.7093626279922294,1513,66,66,0,1.5,34.0,15037.124453147171,942,0.33787661406025826,433,0.15530846484935437,152,0.054519368723098996,31,0.011119081779053085,0,0.0
stable_usdd,growth_sleeve,0,2022-05-02,2026-08-22,1569,31.97967653452186,9.999999999998899,157.79039659863437,244.86702642363355,386.81280223976654,-28.451742976888124,1150,25,25,0,2.0,86.0,35551.100957260955,784,0.4996813256851498,453,0.2887189292543021,258,0.16443594646271512,157,0.10006373486297004,0,0.0
stable_usde,market_core,0,2023-12-14,2026-08-22,974,11.061970192288987,9.905000000000053,29.99999999999892,59.93429999999978,249.99999999999912,-1.1730026794892539,597,9,8,1,1.0,8.0,1644.1564551893816,313,0.3213552361396304,64,0.06570841889117043,14,0.014373716632443531,3,0.003080082135523614,0,0.0
stable_usdg,market_core,0,2024-11-06,2026-08-22,653,13.687130427806398,1.7699999999998273,7.738000000000014,20.824368275105805,6499.999999999999,7.477198469705213,474,2,2,0,1.0,1.0,7411.199999999999,11,0.016845329249617153,6,0.009188361408882083,2,0.0030627871362940277,2,0.0030627871362940277,2,0.0030627871362940277
stable_usds,market_core,0,2024-09-25,2026-08-22,695,11.599663207939345,2.6350674157304965,40.000000000000036,275.9999999999937,418.14000000000016,-3.928459829524702,578,11,10,1,2.0,10.0,5086.829999999996,83,0.11942446043165468,50,0.07194244604316546,23,0.033093525179856115,15,0.02158273381294964,0,0.0
stable_usdt,market_core,0,2019-01-01,2026-08-22,2785,11.373510768482447,6.2647639856694415,43.94378723795487,73.99913593600358,255.7043312709273,3.103109913331847,1218,59,59,0,1.0,18.0,9357.958074813858,908,0.326032315978456,329,0.11813285457809695,104,0.03734290843806104,8,0.002872531418312388,0,0.0
stable_ustc,failure_control,1,2020-10-03,2026-08-22,2135,7170.744608384441,9784.339899999999,9946.127556077701,9952.609944323134,9956.640248879236,-7152.317144695343,1719,68,58,10,2.0,850.0,15302857.612457309,2019,0.9456674473067915,1864,0.8730679156908665,1727,0.8088992974238876,1609,0.7536299765807962,1561,0.7311475409836066
