asset_id,date,coinmetrics_asset,active_addresses,transaction_count,transfer_count,market_cap_usd,current_supply,provider
crypto_btc,2026-05-25,btc,608973.0,781457.0,1087448.0,1547549230891.9795,20034407.40261258,coinmetrics_community
crypto_btc,2026-05-26,btc,625482.0,626622.0,948862.0,1518962391243.4812,20034841.77760875,coinmetrics_community
crypto_btc,2026-05-27,btc,608435.0,646713.0,981144.0,1487995661586.5725,20035279.2775421,coinmetrics_community
crypto_btc,2026-05-28,btc,622022.0,783577.0,1130005.0,1472640865932.4536,20035785.52747168,coinmetrics_community
crypto_btc,2026-05-29,btc,669839.0,634214.0,1021573.0,1469113880052.4087,20036223.0273888,coinmetrics_community
crypto_btc,2026-05-30,btc,573532.0,657986.0,983616.0,1477333118477.007,20036666.77734781,coinmetrics_community
crypto_btc,2026-05-31,btc,535317.0,715768.0,997970.0,1474722993333.1416,20037116.7773178,coinmetrics_community
crypto_btc,2026-06-01,btc,703973.0,556953.0,916225.0,1429252208777.494,20037538.65217847,coinmetrics_community
crypto_btc,2026-06-02,btc,652731.0,435693.0,784531.0,1333334574845.5205,20037882.40206787,coinmetrics_community
crypto_btc,2026-06-03,btc,677654.0,426100.0,795123.0,1287106568324.686,20038219.90199146,coinmetrics_community
crypto_btc,2026-06-04,btc,705263.0,589059.0,968538.0,1275245535217.7324,20038663.65185009,coinmetrics_community
crypto_btc,2026-06-05,btc,724204.0,568562.0,973477.0,1220532716918.2947,20039085.52672356,coinmetrics_community
crypto_btc,2026-06-06,btc,617500.0,537071.0,856375.0,1217830685900.8337,20039466.77671468,coinmetrics_community
crypto_btc,2026-06-07,btc,523362.0,551253.0,830623.0,1265680824489.3384,20039832.40168165,coinmetrics_community
crypto_btc,2026-06-08,btc,623204.0,573611.0,901249.0,1264731188110.3975,20040229.27553298,coinmetrics_community
crypto_btc,2026-06-09,btc,595000.0,576386.0,891766.0,1235312840780.629,20040616.7754601,coinmetrics_community
crypto_btc,2026-06-10,btc,618722.0,566110.0,889630.0,1231221031281.3015,20041010.51994462,coinmetrics_community
crypto_btc,2026-06-11,btc,639861.0,628815.0,974036.0,1272136317475.4226,20041432.39174345,coinmetrics_community
crypto_btc,2026-06-12,btc,688598.0,660151.0,1025949.0,1272171858771.6946,20041891.76497128,coinmetrics_community
crypto_btc,2026-06-13,btc,547731.0,541792.0,831042.0,1291194670976.3716,20042279.26496518,coinmetrics_community
crypto_btc,2026-06-14,btc,534169.0,730021.0,1011910.0,1315110636985.601,20042735.51493958,coinmetrics_community
crypto_btc,2026-06-15,btc,663373.0,713083.0,1054032.0,1327312830793.6953,20043204.26489031,coinmetrics_community
crypto_btc,2026-06-16,btc,642395.0,786217.0,1118446.0,1315631970870.5012,20043710.51489026,coinmetrics_community
crypto_btc,2026-06-17,btc,619157.0,600431.0,927908.0,1290856056678.525,20044123.0148902,coinmetrics_community
crypto_btc,2026-06-18,btc,654630.0,814960.0,1180452.0,1259509328523.998,20044638.63989016,coinmetrics_community
crypto_btc,2026-06-19,btc,611813.0,751132.0,1092546.0,1269001391949.4158,20045110.51488848,coinmetrics_community
crypto_btc,2026-06-20,btc,541078.0,773705.0,1078774.0,1287338856151.97,20045594.88988525,coinmetrics_community
crypto_btc,2026-06-21,btc,514984.0,672668.0,926782.0,1270224412296.2717,20046013.63988521,coinmetrics_community
crypto_btc,2026-06-22,btc,601216.0,774635.0,1087330.0,1281444016484.4536,20046501.13988518,coinmetrics_community
crypto_btc,2026-06-23,btc,620829.0,861296.0,1191471.0,1254811480199.2998,20047041.7646701,coinmetrics_community
crypto_btc,2026-06-24,btc,629642.0,751457.0,1099302.0,1221058486497.9429,20047526.13967006,coinmetrics_community
crypto_btc,2026-06-25,btc,683523.0,799315.0,1188687.0,1200145302830.9937,20048057.38966005,coinmetrics_community
crypto_btc,2026-06-26,btc,662457.0,710902.0,1097432.0,1202140865082.8223,20048541.76463909,coinmetrics_community
crypto_btc,2026-06-27,btc,592251.0,826554.0,1162266.0,1202053146049.6602,20049066.76463361,coinmetrics_community
crypto_btc,2026-06-28,btc,537835.0,618279.0,924401.0,1193277756338.6099,20049469.88961839,coinmetrics_community
crypto_btc,2026-06-29,btc,659557.0,530497.0,878615.0,1206509590693.4893,20049860.51461828,coinmetrics_community
crypto_btc,2026-06-30,btc,722749.0,626708.0,1038331.0,1173446848343.18,20050326.13961277,coinmetrics_community
crypto_btc,2026-07-01,btc,742127.0,609267.0,991861.0,1204361709793.5176,20050773.01461212,coinmetrics_community
crypto_btc,2026-07-02,btc,702851.0,539658.0,918753.0,1231908341575.8325,20051182.3895992,coinmetrics_community
crypto_btc,2026-07-03,btc,698135.0,686915.0,1079191.0,1254524011767.2737,20051654.26448121,coinmetrics_community
crypto_btc,2026-07-04,btc,550009.0,769219.0,1071076.0,1265097436323.0317,20052135.51448118,coinmetrics_community
crypto_btc,2026-07-05,btc,501335.0,636006.0,904009.0,1275739924003.0469,20052535.51434563,coinmetrics_community
crypto_btc,2026-07-06,btc,613733.0,507339.0,821272.0,1284650033900.0369,20052898.01434561,coinmetrics_community
crypto_btc,2026-07-07,btc,641947.0,631230.0,969733.0,1272546981565.5405,20053335.51091219,coinmetrics_community
crypto_btc,2026-07-08,btc,611138.0,597694.0,920446.0,1247624924474.5913,20053751.13589914,coinmetrics_community
crypto_btc,2026-07-09,btc,619969.0,559601.0,890990.0,1267208913265.6104,20054141.76088755,coinmetrics_community
crypto_btc,2026-07-10,btc,634002.0,579527.0,937255.0,1285869945086.505,20054548.01088748,coinmetrics_community
crypto_btc,2026-07-11,btc,557508.0,677240.0,985554.0,1281367147363.528,20054982.38588737,coinmetrics_community
crypto_btc,2026-07-12,btc,490823.0,764256.0,1029400.0,1278579373662.1953,20055432.38588731,coinmetrics_community
crypto_btc,2026-07-13,btc,624343.0,706707.0,1029523.0,1246003008738.0476,20055891.7608873,coinmetrics_community
crypto_btc,2026-07-14,btc,639375.0,739142.0,1065266.0,1302349402108.0994,20056373.01087634,coinmetrics_community
crypto_btc,2026-07-15,btc,638699.0,558000.0,893849.0,1298980442301.2866,20056810.51085184,coinmetrics_community
crypto_btc,2026-07-16,btc,621188.0,536593.0,862963.0,1279250334168.872,20057188.63584605,coinmetrics_community
crypto_btc,2026-07-17,btc,629901.0,577557.0,922079.0,1281998993789.7827,20057585.51083886,coinmetrics_community
crypto_btc,2026-07-18,btc,579482.0,864354.0,1174014.0,1299317093110.1172,20058104.26073642,coinmetrics_community
crypto_btc,2026-07-19,btc,517259.0,898384.0,1166801.0,1296850949302.7231,20058619.88571881,coinmetrics_community
crypto_btc,2026-07-20,btc,612420.0,730484.0,1036696.0,1307489179295.059,20059076.13571372,coinmetrics_community
crypto_btc,2026-07-21,btc,634153.0,651218.0,974399.0,1332013403971.4944,20059507.38569737,coinmetrics_community
crypto_btc,2026-07-22,btc,624603.0,497232.0,831147.0,1323613920578.0469,20059866.76067674,coinmetrics_community
crypto_btc,2026-07-23,btc,628670.0,611799.0,943646.0,1305812050750.5317,20060279.2606458,coinmetrics_community
crypto_btc,2026-07-24,btc,689082.0,729761.0,1134084.0,1285897036312.1387,20060760.5105907,coinmetrics_community
crypto_btc,2026-07-25,btc,564960.0,696377.0,1023951.0,1290563096381.0723,20061191.76057864,coinmetrics_community
crypto_btc,2026-07-26,btc,569782.0,760079.0,1078320.0,1310603172319.879,20061648.01057611,coinmetrics_community
crypto_btc,2026-07-27,btc,635071.0,689945.0,1027753.0,1278320455504.5225,20062079.26057608,coinmetrics_community
crypto_btc,2026-07-28,btc,628552.0,561079.0,895514.0,1278550511268.8918,20062476.13557513,coinmetrics_community
crypto_btc,2026-07-29,btc,604146.0,672610.0,988012.0,1282113962604.0823,20062923.0105751,coinmetrics_community
crypto_btc,2026-07-30,btc,666081.0,699087.0,1057841.0,1300661544884.788,20063401.13557501,coinmetrics_community
crypto_btc,2026-07-31,btc,967546.0,607581.0,1013543.0,1261520784545.8691,20063891.76057344,coinmetrics_community
crypto_btc,2026-08-01,btc,806292.0,744053.0,1100985.0,1259079071351.023,20064404.26057322,coinmetrics_community
crypto_btc,2026-08-02,btc,653981.0,675558.0,980942.0,1273028382171.4187,20064854.26057193,coinmetrics_community
crypto_btc,2026-08-03,btc,741819.0,702879.0,1058121.0,1273346363617.1675,20065323.01042797,coinmetrics_community
crypto_btc,2026-08-04,btc,684692.0,619401.0,959665.0,1287448909177.3933,20065763.63533705,coinmetrics_community
crypto_btc,2026-08-05,btc,730433.0,608260.0,971535.0,1296483828380.6482,20066207.38531704,coinmetrics_community
crypto_btc,2026-08-06,btc,678177.0,541604.0,893464.0,1288522357554.101,20066607.38530307,coinmetrics_community
crypto_btc,2026-08-07,btc,709925.0,717791.0,1088919.0,1301736162817.6548,20067101.13530302,coinmetrics_community
crypto_btc,2026-08-08,btc,621521.0,658026.0,977035.0,1302523472123.2698,20067548.01030297,coinmetrics_community
crypto_btc,2026-08-09,btc,520129.0,740534.0,1009719.0,1301709029077.309,20067994.88530293,coinmetrics_community
crypto_btc,2026-08-10,btc,650586.0,630221.0,966941.0,1282528117378.0562,20068429.26030288,coinmetrics_community
crypto_btc,2026-08-11,btc,609039.0,607154.0,929283.0,1275322853481.5354,20068832.38530277,coinmetrics_community
crypto_btc,2026-08-12,btc,646051.0,652466.0,992458.0,1271577034025.6008,20069273.00982767,coinmetrics_community
crypto_btc,2026-08-13,btc,650606.0,682308.0,1025553.0,1272320647119.4993,20069729.25982763,coinmetrics_community
crypto_btc,2026-08-14,btc,660290.0,694968.0,1057905.0,1262911020666.6528,20070194.88481754,coinmetrics_community
crypto_btc,2026-08-15,btc,564175.0,723981.0,1024009.0,1265141916548.075,20070648.00979752,coinmetrics_community
crypto_btc,2026-08-16,btc,541863.0,825829.0,1104308.0,1260837825457.5718,20071151.13479503,coinmetrics_community
crypto_btc,2026-08-17,btc,680154.0,755423.0,1084475.0,1293299170683.4204,20071644.88479494,coinmetrics_community
crypto_btc,2026-08-18,btc,642144.0,709130.0,1047407.0,1298588902729.2922,20072110.50979492,coinmetrics_community
crypto_btc,2026-08-19,btc,649780.0,536337.0,870398.0,1390378100868.3262,20072494.88479491,coinmetrics_community
crypto_btc,2026-08-20,btc,721893.0,514184.0,866404.0,1466744889247.8843,20072891.75977268,coinmetrics_community
crypto_btc,2026-08-21,btc,779671.0,534986.0,931500.0,1572928699609.4888,20073319.88473265,coinmetrics_community
crypto_btc,2026-08-22,btc,634723.0,709046.0,1037706.0,1546085345087.5608,20073782.38473258,coinmetrics_community
crypto_eth,2026-05-25,eth,811825.0,2217108.0,2203354.0,256748793277.59906,121726974.96313325,coinmetrics_community
crypto_eth,2026-05-26,eth,738967.0,2367627.0,2176722.0,252179603759.83347,121729767.14922212,coinmetrics_community
crypto_eth,2026-05-27,eth,786484.0,2164725.0,1934869.0,245914553947.55853,121732550.73564538,coinmetrics_community
crypto_eth,2026-05-28,eth,832206.0,1968415.0,1866903.0,244181347108.82343,121735308.80002214,coinmetrics_community
crypto_eth,2026-05-29,eth,1151977.0,2304638.0,2515873.0,244541781045.67795,121738062.44752194,coinmetrics_community
crypto_eth,2026-05-30,eth,856247.0,2663274.0,3463449.0,245778461911.01828,121740832.9571809,coinmetrics_community
crypto_eth,2026-05-31,eth,931707.0,2112284.0,2375208.0,243941782012.6291,121743611.1601614,coinmetrics_community
crypto_eth,2026-06-01,eth,851826.0,1976494.0,1745842.0,243709961022.0587,121746355.80419101,coinmetrics_community
crypto_eth,2026-06-02,eth,879829.0,1930818.0,1623693.0,225716602438.75232,121749045.14733577,coinmetrics_community
crypto_eth,2026-06-03,eth,781481.0,1832233.0,1374732.0,221073818981.19736,121751764.65890193,coinmetrics_community
crypto_eth,2026-06-04,eth,733619.0,1749070.0,1270346.0,214964348196.19513,121754471.22477646,coinmetrics_community
crypto_eth,2026-06-05,eth,764397.0,1799068.0,1306652.0,191972956982.41754,121757017.61380282,coinmetrics_community
crypto_eth,2026-06-06,eth,1209476.0,1708911.0,1529197.0,190495435811.56485,121759788.9064279,coinmetrics_community
crypto_eth,2026-06-07,eth,961266.0,1587962.0,1407381.0,204810731854.47998,121762576.06678636,coinmetrics_community
crypto_eth,2026-06-08,eth,862234.0,2033826.0,1877710.0,206327406218.48206,121765335.0633538,coinmetrics_community
crypto_eth,2026-06-09,eth,1026507.0,2218770.0,2015961.0,199295807005.6031,121768109.82114528,coinmetrics_community
crypto_eth,2026-06-10,eth,928472.0,2048240.0,1837233.0,197180885967.1745,121770874.18093154,coinmetrics_community
crypto_eth,2026-06-11,eth,894987.0,2085988.0,1876523.0,203632389763.3301,121773658.06654978,coinmetrics_community
crypto_eth,2026-06-12,eth,998350.0,2348383.0,2401295.0,202489668048.28137,121776432.18044187,coinmetrics_community
crypto_eth,2026-06-13,eth,973606.0,2573193.0,2989446.0,204570392372.5221,121779226.12295444,coinmetrics_community
crypto_eth,2026-06-14,eth,874830.0,2203662.0,2428461.0,209745224597.98117,121782023.77263804,coinmetrics_community
crypto_eth,2026-06-15,eth,889470.0,1842441.0,1377516.0,218021026789.61136,121784776.05809551,coinmetrics_community
crypto_eth,2026-06-16,eth,857099.0,1850517.0,1451945.0,218249960624.88104,121787571.62700908,coinmetrics_community
crypto_eth,2026-06-17,eth,826475.0,2359011.0,2337161.0,212795625239.10583,121790362.65863214,coinmetrics_community
crypto_eth,2026-06-18,eth,825816.0,2128356.0,1977330.0,207987106596.04306,121793136.03907584,coinmetrics_community
crypto_eth,2026-06-19,eth,885601.0,1882938.0,1601819.0,207844616345.61578,121795928.65902828,coinmetrics_community
crypto_eth,2026-06-20,eth,891732.0,2082631.0,2034924.0,211843164824.57523,121798720.5807259,coinmetrics_community
crypto_eth,2026-06-21,eth,856383.0,2924395.0,3520165.0,207905114469.65158,121801522.40948135,coinmetrics_community
crypto_eth,2026-06-22,eth,817522.0,2838530.0,3005856.0,210108853493.87732,121804318.50396237,coinmetrics_community
crypto_eth,2026-06-23,eth,728615.0,2891966.0,3154185.0,202579622019.9688,121807101.02826197,coinmetrics_community
crypto_eth,2026-06-24,eth,847686.0,2700616.0,2685517.0,197037231578.85718,121809856.62511903,coinmetrics_community
crypto_eth,2026-06-25,eth,838983.0,2683262.0,2695247.0,191201454248.0792,121812584.11594364,coinmetrics_community
crypto_eth,2026-06-26,eth,1020879.0,2317705.0,2183735.0,191948886158.34552,121815353.07319255,coinmetrics_community
crypto_eth,2026-06-27,eth,881970.0,1439609.0,1021669.0,191475199465.88077,121818172.03992297,coinmetrics_community
crypto_eth,2026-06-28,eth,1059702.0,1464851.0,1030210.0,191213659843.47195,121821000.21974936,coinmetrics_community
crypto_eth,2026-06-29,eth,951085.0,1868740.0,1423043.0,196037781046.0922,121823812.92755932,coinmetrics_community
crypto_eth,2026-06-30,eth,910402.0,2136986.0,1936615.0,191048754285.83728,121826615.56632778,coinmetrics_community
crypto_eth,2026-07-01,eth,849632.0,2238720.0,2325170.0,196231128510.8159,121829414.16651522,coinmetrics_community
crypto_eth,2026-07-02,eth,878354.0,1800140.0,1280393.0,206676479664.1605,121832172.82471198,coinmetrics_community
crypto_eth,2026-07-03,eth,968081.0,1857982.0,1294821.0,214091185417.3924,121834993.91027723,coinmetrics_community
crypto_eth,2026-07-04,eth,1031731.0,1925087.0,2263460.0,216721531350.6718,121837819.46420842,coinmetrics_community
crypto_eth,2026-07-05,eth,872655.0,2762431.0,3130720.0,217780539422.72043,121840644.09114641,coinmetrics_community
crypto_eth,2026-07-06,eth,848591.0,2718589.0,2931076.0,219420311844.7195,121843460.37980367,coinmetrics_community
crypto_eth,2026-07-07,eth,846572.0,2825301.0,3030634.0,216102852695.88992,121846281.76147668,coinmetrics_community
crypto_eth,2026-07-08,eth,763263.0,2413211.0,2452728.0,212076655835.36166,121849105.85731496,coinmetrics_community
crypto_eth,2026-07-09,eth,839615.0,2395818.0,2307558.0,212606440207.49915,121851935.0747881,coinmetrics_community
crypto_eth,2026-07-10,eth,818034.0,2823931.0,3096665.0,218719567531.85428,121854768.26067694,coinmetrics_community
crypto_eth,2026-07-11,eth,810650.0,3242618.0,3993272.0,218427574141.29196,121857592.24877538,coinmetrics_community
crypto_eth,2026-07-12,eth,972586.0,2239450.0,2413066.0,219902610556.11615,121860435.23536338,coinmetrics_community
crypto_eth,2026-07-13,eth,748426.0,2695854.0,3077107.0,215473640030.24133,121863274.25616537,coinmetrics_community
crypto_eth,2026-07-14,eth,743124.0,2992020.0,3401702.0,229997282825.93573,121866099.40693408,coinmetrics_community
crypto_eth,2026-07-15,eth,800549.0,2780952.0,3108569.0,233828031283.04413,121868942.39398424,coinmetrics_community
crypto_eth,2026-07-16,eth,757912.0,2836598.0,3261026.0,226863958479.94962,121871777.03015141,coinmetrics_community
crypto_eth,2026-07-17,eth,803959.0,2461418.0,2577097.0,224308640107.63116,121874626.34150411,coinmetrics_community
crypto_eth,2026-07-18,eth,854306.0,2595080.0,2982450.0,226805795250.98386,121877474.44934557,coinmetrics_community
crypto_eth,2026-07-19,eth,1002971.0,1592187.0,1360731.0,227864416385.56158,121880340.72843477,coinmetrics_community
crypto_eth,2026-07-20,eth,791568.0,2551325.0,2764926.0,231713555850.03738,121883197.40807216,coinmetrics_community
crypto_eth,2026-07-21,eth,752308.0,2816241.0,3455596.0,234406222977.41626,121886055.69330937,coinmetrics_community
crypto_eth,2026-07-22,eth,854430.0,2561990.0,3044259.0,235271821502.25,121888912.8516438,coinmetrics_community
crypto_eth,2026-07-23,eth,853348.0,2359636.0,2695513.0,229100165362.8143,121891735.90100442,coinmetrics_community
crypto_eth,2026-07-24,eth,918068.0,2552428.0,2992585.0,226645315156.9183,121894594.57316034,coinmetrics_community
crypto_eth,2026-07-25,eth,952061.0,1998222.0,2218849.0,228317745394.83475,121897466.34383307,coinmetrics_community
crypto_eth,2026-07-26,eth,821575.0,1538710.0,1180579.0,237993485992.60538,121900334.76874186,coinmetrics_community
crypto_eth,2026-07-27,eth,884748.0,1871418.0,1421028.0,230280135956.7054,121903194.0583031,coinmetrics_community
crypto_eth,2026-07-28,eth,810687.0,1664214.0,1221630.0,233332767492.36215,121906044.7750088,coinmetrics_community
crypto_eth,2026-07-29,eth,907574.0,1734060.0,1328478.0,232488130693.09735,121908896.57064934,coinmetrics_community
crypto_eth,2026-07-30,eth,856299.0,1766208.0,1390305.0,234498863038.1945,121911614.18181008,coinmetrics_community
crypto_eth,2026-07-31,eth,844560.0,1756645.0,1272202.0,226918437140.5743,121914434.20895424,coinmetrics_community
crypto_eth,2026-08-01,eth,994452.0,1570150.0,1261648.0,224748255657.44553,121917310.44057207,coinmetrics_community
crypto_eth,2026-08-02,eth,799847.0,2565587.0,3332776.0,229386918032.3761,121920186.53568542,coinmetrics_community
crypto_eth,2026-08-03,eth,736093.0,2565611.0,3268297.0,226432459440.2784,121923051.44378313,coinmetrics_community
crypto_eth,2026-08-04,eth,896612.0,2442310.0,2906363.0,228024713775.7507,121925908.57585011,coinmetrics_community
crypto_eth,2026-08-05,eth,838339.0,2638964.0,3361023.0,232660877223.65897,121928778.14731431,coinmetrics_community
crypto_eth,2026-08-06,eth,815729.0,2926155.0,3971993.0,231705293232.94717,121931650.38959292,coinmetrics_community
crypto_eth,2026-08-07,eth,939606.0,2634626.0,3118505.0,233389995859.84515,121934523.32836628,coinmetrics_community
crypto_eth,2026-08-08,eth,899387.0,1364930.0,956437.0,233658234996.08243,121937401.02281253,coinmetrics_community
crypto_eth,2026-08-09,eth,1190128.0,2913661.0,3631400.0,232983367149.63794,121940303.24068384,coinmetrics_community
crypto_eth,2026-08-10,eth,866768.0,2315258.0,2384114.0,228179613240.3486,121943191.06351008,coinmetrics_community
crypto_eth,2026-08-11,eth,868095.0,2400554.0,2702194.0,229341149052.60138,121946073.16393527,coinmetrics_community
crypto_eth,2026-08-12,eth,797917.0,2642783.0,3336131.0,228801398072.33707,121948959.96632664,coinmetrics_community
crypto_eth,2026-08-13,eth,826477.0,2716949.0,3456040.0,229808164878.2248,121951859.91219987,coinmetrics_community
crypto_eth,2026-08-14,eth,866481.0,2901172.0,3621376.0,229175336841.93686,121954759.27399574,coinmetrics_community
crypto_eth,2026-08-15,eth,850256.0,2884106.0,3872316.0,229426462918.10196,121957663.85562968,coinmetrics_community
crypto_eth,2026-08-16,eth,964938.0,1875663.0,1919116.0,228491137066.17245,121960576.96163064,coinmetrics_community
crypto_eth,2026-08-17,eth,859252.0,2718405.0,3354012.0,233161169613.13608,121963486.40464146,coinmetrics_community
crypto_eth,2026-08-18,eth,814843.0,2856958.0,3672334.0,233871304357.0218,121966387.42870516,coinmetrics_community
crypto_eth,2026-08-19,eth,775498.0,2467880.0,2789952.0,274494057579.22128,121969160.17005564,coinmetrics_community
crypto_eth,2026-08-20,eth,942079.0,1975006.0,1483787.0,283789128655.71234,121972035.02680725,coinmetrics_community
crypto_eth,2026-08-21,eth,833844.0,2002081.0,1474617.0,307472193839.6408,121974848.59192793,coinmetrics_community
crypto_eth,2026-08-22,eth,907996.0,1757714.0,1354481.0,295280316439.0254,121977735.74819672,coinmetrics_community
crypto_uni,2026-05-25,uni,1075.0,2692.0,3651.0,3324747922.8718,1000000000.0,coinmetrics_community
crypto_uni,2026-05-26,uni,1285.0,2675.0,3747.0,3249511682.76562,1000000000.0,coinmetrics_community
crypto_uni,2026-05-27,uni,1235.0,3204.0,4553.0,3106753851.98624,1000000000.0,coinmetrics_community
crypto_uni,2026-05-28,uni,1489.0,3778.0,5137.0,3048707512.21638,1000000000.0,coinmetrics_community
crypto_uni,2026-05-29,uni,1335.0,2964.0,3975.0,3013009463.7044,1000000000.0,coinmetrics_community
crypto_uni,2026-05-30,uni,843.0,1932.0,2663.0,3044627976.30778,1000000000.0,coinmetrics_community
crypto_uni,2026-05-31,uni,999.0,1980.0,2753.0,3012603113.67729,1000000000.0,coinmetrics_community
crypto_uni,2026-06-01,uni,1133.0,2387.0,3467.0,2978359337.73937,1000000000.0,coinmetrics_community
crypto_uni,2026-06-02,uni,1350.0,3107.0,4600.0,2777840168.62732,1000000000.0,coinmetrics_community
crypto_uni,2026-06-03,uni,1362.0,3416.0,5476.0,2803209600.93368,1000000000.0,coinmetrics_community
crypto_uni,2026-06-04,uni,1561.0,3870.0,6407.0,2640255241.04863,1000000000.0,coinmetrics_community
crypto_uni,2026-06-05,uni,1577.0,4493.0,7324.0,2452701993.93594,1000000000.0,coinmetrics_community
crypto_uni,2026-06-06,uni,1194.0,2634.0,4242.0,2455846177.68384,1000000000.0,coinmetrics_community
crypto_uni,2026-06-07,uni,1011.0,2995.0,4706.0,2564504465.85106,1000000000.0,coinmetrics_community
crypto_uni,2026-06-08,uni,1187.0,3480.0,4819.0,2520504856.63908,1000000000.0,coinmetrics_community
crypto_uni,2026-06-09,uni,1053.0,2568.0,3464.0,2474687411.52538,1000000000.0,coinmetrics_community
crypto_uni,2026-06-10,uni,1200.0,2879.0,3884.0,2391203054.04084,1000000000.0,coinmetrics_community
crypto_uni,2026-06-11,uni,1019.0,3601.0,5443.0,2500957034.64378,1000000000.0,coinmetrics_community
crypto_uni,2026-06-12,uni,954.0,2090.0,2940.0,2496143096.00335,1000000000.0,coinmetrics_community
crypto_uni,2026-06-13,uni,715.0,1757.0,2488.0,2556663529.94047,1000000000.0,coinmetrics_community
crypto_uni,2026-06-14,uni,747.0,2026.0,3002.0,2581678491.54819,1000000000.0,coinmetrics_community
crypto_uni,2026-06-15,uni,1287.0,4773.0,7218.0,2808299680.04373,1000000000.0,coinmetrics_community
crypto_uni,2026-06-16,uni,2310.0,15533.0,23581.0,3287123012.24657,1000000000.0,coinmetrics_community
crypto_uni,2026-06-17,uni,3017.0,17548.0,28725.0,3232670827.30093,1000000000.0,coinmetrics_community
crypto_uni,2026-06-18,uni,1812.0,7751.0,11847.0,3160425075.60588,1000000000.0,coinmetrics_community
crypto_uni,2026-06-19,uni,1239.0,5125.0,7714.0,3071541528.9002,1000000000.0,coinmetrics_community
crypto_uni,2026-06-20,uni,1077.0,3651.0,5256.0,3010221451.70933,1000000000.0,coinmetrics_community
crypto_uni,2026-06-21,uni,1001.0,3715.0,5904.0,2979213357.91271,1000000000.0,coinmetrics_community
crypto_uni,2026-06-22,uni,1233.0,4162.0,5678.0,2971422208.51471,1000000000.0,coinmetrics_community
crypto_uni,2026-06-23,uni,1216.0,3666.0,4723.0,2914143190.89103,1000000000.0,coinmetrics_community
crypto_uni,2026-06-24,uni,1404.0,4927.0,6707.0,2913903115.55269,1000000000.0,coinmetrics_community
crypto_uni,2026-06-25,uni,1998.0,5460.0,7299.0,2886540283.13533,1000000000.0,coinmetrics_community
crypto_uni,2026-06-26,uni,1983.0,5514.0,7710.0,2960451952.73554,1000000000.0,coinmetrics_community
crypto_uni,2026-06-27,uni,1576.0,4535.0,6039.0,2922299601.96291,1000000000.0,coinmetrics_community
crypto_uni,2026-06-28,uni,1452.0,4198.0,5831.0,2915185194.88575,1000000000.0,coinmetrics_community
crypto_uni,2026-06-29,uni,2039.0,6640.0,8686.0,2890892417.34087,1000000000.0,coinmetrics_community
crypto_uni,2026-06-30,uni,2440.0,5530.0,6744.0,2775725627.66756,1000000000.0,coinmetrics_community
crypto_uni,2026-07-01,uni,1661.0,4562.0,6398.0,2793923967.92269,1000000000.0,coinmetrics_community
crypto_uni,2026-07-02,uni,1999.0,8059.0,11518.0,3172431340.37063,1000000000.0,coinmetrics_community
crypto_uni,2026-07-03,uni,1484.0,6029.0,8947.0,3206288599.80263,1000000000.0,coinmetrics_community
crypto_uni,2026-07-04,uni,1073.0,3277.0,4612.0,3213171277.01947,1000000000.0,coinmetrics_community
crypto_uni,2026-07-05,uni,1042.0,2503.0,3537.0,3176520486.86052,1000000000.0,coinmetrics_community
crypto_uni,2026-07-06,uni,1182.0,3572.0,5219.0,3180016669.43722,1000000000.0,coinmetrics_community
crypto_uni,2026-07-07,uni,1337.0,4178.0,5955.0,3199785748.41053,1000000000.0,coinmetrics_community
crypto_uni,2026-07-08,uni,1693.0,11418.0,17623.0,3275852901.03947,1000000000.0,coinmetrics_community
crypto_uni,2026-07-09,uni,1564.0,8050.0,12582.0,3402134209.57869,1000000000.0,coinmetrics_community
crypto_uni,2026-07-10,uni,1739.0,8823.0,13169.0,3526978383.25969,1000000000.0,coinmetrics_community
crypto_uni,2026-07-11,uni,1469.0,7777.0,11893.0,3682988495.40055,1000000000.0,coinmetrics_community
crypto_uni,2026-07-12,uni,1218.0,5180.0,8085.0,3594636529.1186,1000000000.0,coinmetrics_community
crypto_uni,2026-07-13,uni,1422.0,5889.0,8866.0,3538238422.957,1000000000.0,coinmetrics_community
crypto_uni,2026-07-14,uni,1413.0,5607.0,8275.0,3663002473.56779,1000000000.0,coinmetrics_community
crypto_uni,2026-07-15,uni,1538.0,5072.0,7512.0,3610533041.67676,1000000000.0,coinmetrics_community
crypto_uni,2026-07-16,uni,1363.0,6471.0,9879.0,3547437053.31648,1000000000.0,coinmetrics_community
crypto_uni,2026-07-17,uni,1341.0,5392.0,7706.0,3623404652.19367,1000000000.0,coinmetrics_community
crypto_uni,2026-07-18,uni,991.0,3652.0,5936.0,3563706995.78097,1000000000.0,coinmetrics_community
crypto_uni,2026-07-19,uni,983.0,3221.0,5008.0,3502021695.05932,1000000000.0,coinmetrics_community
crypto_uni,2026-07-20,uni,1348.0,4826.0,6809.0,3625238876.38272,1000000000.0,coinmetrics_community
crypto_uni,2026-07-21,uni,1542.0,5414.0,7802.0,3716744649.41381,1000000000.0,coinmetrics_community
crypto_uni,2026-07-22,uni,1662.0,5760.0,8441.0,3773707570.74125,1000000000.0,coinmetrics_community
crypto_uni,2026-07-23,uni,1310.0,4624.0,6631.0,3764057866.13828,1000000000.0,coinmetrics_community
crypto_uni,2026-07-24,uni,1273.0,5327.0,7341.0,3776056533.55208,1000000000.0,coinmetrics_community
crypto_uni,2026-07-25,uni,1084.0,4139.0,6120.0,3668506718.76392,1000000000.0,coinmetrics_community
crypto_uni,2026-07-26,uni,1279.0,6320.0,9439.0,3883334148.26766,1000000000.0,coinmetrics_community
crypto_uni,2026-07-27,uni,1402.0,5463.0,7891.0,3697273655.74317,1000000000.0,coinmetrics_community
crypto_uni,2026-07-28,uni,1411.0,6101.0,8998.0,3877066290.77627,1000000000.0,coinmetrics_community
crypto_uni,2026-07-29,uni,1567.0,7323.0,10814.0,3987701859.02703,1000000000.0,coinmetrics_community
crypto_uni,2026-07-30,uni,2341.0,8153.0,11270.0,4429385846.66449,1000000000.0,coinmetrics_community
crypto_uni,2026-07-31,uni,2457.0,10455.0,16139.0,4353137916.28179,1000000000.0,coinmetrics_community
crypto_uni,2026-08-01,uni,1550.0,7095.0,11516.0,4080916131.01573,1000000000.0,coinmetrics_community
crypto_uni,2026-08-02,uni,1371.0,6467.0,10284.0,4170944607.49607,1000000000.0,coinmetrics_community
crypto_uni,2026-08-03,uni,1649.0,5821.0,9973.0,3903607478.25153,1000000000.0,coinmetrics_community
crypto_uni,2026-08-04,uni,1662.0,5867.0,8853.0,3856493184.75855,1000000000.0,coinmetrics_community
crypto_uni,2026-08-05,uni,1837.0,9390.0,14945.0,4038347665.52575,1000000000.0,coinmetrics_community
crypto_uni,2026-08-06,uni,1587.0,7080.0,12387.0,4007307995.26473,1000000000.0,coinmetrics_community
crypto_uni,2026-08-07,uni,1399.0,6621.0,11818.0,3976779953.12703,1000000000.0,coinmetrics_community
crypto_uni,2026-08-08,uni,1113.0,3815.0,7545.0,4000913274.73357,1000000000.0,coinmetrics_community
crypto_uni,2026-08-09,uni,1091.0,4549.0,9976.0,3991934109.05809,1000000000.0,coinmetrics_community
crypto_uni,2026-08-10,uni,1529.0,4989.0,9486.0,3938135977.41429,1000000000.0,coinmetrics_community
crypto_uni,2026-08-11,uni,1672.0,6342.0,12909.0,3746829148.3988,1000000000.0,coinmetrics_community
crypto_uni,2026-08-12,uni,2039.0,8979.0,18467.0,3563945376.7691,1000000000.0,coinmetrics_community
crypto_uni,2026-08-13,uni,1563.0,5168.0,10136.0,3473524668.54274,1000000000.0,coinmetrics_community
crypto_uni,2026-08-14,uni,2051.0,8573.0,16778.0,3199725500.05176,1000000000.0,coinmetrics_community
crypto_uni,2026-08-15,uni,1412.0,5177.0,10598.0,3232831968.15712,1000000000.0,coinmetrics_community
crypto_uni,2026-08-16,uni,1236.0,4167.0,7733.0,3277817749.21994,1000000000.0,coinmetrics_community
crypto_uni,2026-08-17,uni,1522.0,4411.0,8369.0,3282092944.28813,1000000000.0,coinmetrics_community
crypto_uni,2026-08-18,uni,1358.0,4405.0,8176.0,3290389852.02313,1000000000.0,coinmetrics_community
crypto_uni,2026-08-19,uni,1801.0,6733.0,13268.0,3639195449.81651,1000000000.0,coinmetrics_community
crypto_uni,2026-08-20,uni,2084.0,7788.0,14919.0,3757117536.67687,1000000000.0,coinmetrics_community
crypto_uni,2026-08-21,uni,2178.0,9237.0,14148.0,4146535583.35449,1000000000.0,coinmetrics_community
crypto_uni,2026-08-22,uni,2307.0,14366.0,24301.0,4284415380.85553,1000000000.0,coinmetrics_community
crypto_aave,2026-05-25,aave,958.0,2200.0,2976.0,1379338715.7394688,16000000.0,coinmetrics_community
crypto_aave,2026-05-26,aave,1018.0,2976.0,3903.0,1371267119.27452,16000000.0,coinmetrics_community
crypto_aave,2026-05-27,aave,1045.0,3319.0,4584.0,1329616062.1104512,16000000.0,coinmetrics_community
crypto_aave,2026-05-28,aave,1355.0,3478.0,4882.0,1291826213.4848337,16000000.0,coinmetrics_community
crypto_aave,2026-05-29,aave,1054.0,2695.0,3593.0,1315296157.372264,16000000.0,coinmetrics_community
crypto_aave,2026-05-30,aave,870.0,1664.0,2249.0,1321602580.524685,16000000.0,coinmetrics_community
crypto_aave,2026-05-31,aave,766.0,1700.0,2309.0,1311291366.2812304,16000000.0,coinmetrics_community
crypto_aave,2026-06-01,aave,1192.0,2850.0,3890.0,1283305892.0941007,16000000.0,coinmetrics_community
crypto_aave,2026-06-02,aave,1563.0,4785.0,6782.0,1169926245.9790928,16000000.0,coinmetrics_community
crypto_aave,2026-06-03,aave,1399.0,4302.0,6244.0,1192191188.1173985,16000000.0,coinmetrics_community
crypto_aave,2026-06-04,aave,1624.0,4230.0,6043.0,1135080698.552616,16000000.0,coinmetrics_community
crypto_aave,2026-06-05,aave,1946.0,7196.0,10714.0,997970161.9397696,16000000.0,coinmetrics_community
crypto_aave,2026-06-06,aave,1335.0,4883.0,7477.0,971291465.6740448,16000000.0,coinmetrics_community
crypto_aave,2026-06-07,aave,1033.0,4264.0,6306.0,1015601842.5365216,16000000.0,coinmetrics_community
crypto_aave,2026-06-08,aave,1122.0,3354.0,4577.0,1016917673.3063728,16000000.0,coinmetrics_community
crypto_aave,2026-06-09,aave,998.0,2932.0,3868.0,991248859.6088576,16000000.0,coinmetrics_community
crypto_aave,2026-06-10,aave,1199.0,3390.0,4415.0,978039328.79132,16000000.0,coinmetrics_community
crypto_aave,2026-06-11,aave,977.0,2992.0,4162.0,1027553700.2051088,16000000.0,coinmetrics_community
crypto_aave,2026-06-12,aave,830.0,2389.0,3195.0,1025833552.888896,16000000.0,coinmetrics_community
crypto_aave,2026-06-13,aave,776.0,2816.0,3864.0,1072282145.2885232,16000000.0,coinmetrics_community
crypto_aave,2026-06-14,aave,734.0,2159.0,2886.0,1088955247.1832223,16000000.0,coinmetrics_community
crypto_aave,2026-06-15,aave,1444.0,6874.0,10169.0,1177549316.2945008,16000000.0,coinmetrics_community
crypto_aave,2026-06-16,aave,1107.0,5691.0,8099.0,1216032788.8806736,16000000.0,coinmetrics_community
crypto_aave,2026-06-17,aave,1108.0,5427.0,8343.0,1180000449.9957488,16000000.0,coinmetrics_community
crypto_aave,2026-06-18,aave,1077.0,4689.0,6890.0,1189588465.304184,16000000.0,coinmetrics_community
crypto_aave,2026-06-19,aave,960.0,3878.0,5550.0,1169608026.9749072,16000000.0,coinmetrics_community
crypto_aave,2026-06-20,aave,884.0,4366.0,6231.0,1222140413.9572,16000000.0,coinmetrics_community
crypto_aave,2026-06-21,aave,912.0,3228.0,4568.0,1180664528.9599888,16000000.0,coinmetrics_community
crypto_aave,2026-06-22,aave,2248.0,4950.0,6194.0,1201122411.9709167,16000000.0,coinmetrics_community
crypto_aave,2026-06-23,aave,1154.0,4301.0,5739.0,1157469181.2149425,16000000.0,coinmetrics_community
crypto_aave,2026-06-24,aave,1989.0,10733.0,16111.0,1276414229.4183807,16000000.0,coinmetrics_community
crypto_aave,2026-06-25,aave,2804.0,13475.0,19961.0,1318626845.6147025,16000000.0,coinmetrics_community
crypto_aave,2026-06-26,aave,3144.0,15493.0,23558.0,1522103045.1144943,16000000.0,coinmetrics_community
crypto_aave,2026-06-27,aave,2513.0,10716.0,15846.0,1508455559.8017185,16000000.0,coinmetrics_community
crypto_aave,2026-06-28,aave,2210.0,9319.0,13690.0,1454999056.221904,16000000.0,coinmetrics_community
crypto_aave,2026-06-29,aave,2555.0,8897.0,12248.0,1461618595.0672832,16000000.0,coinmetrics_community
crypto_aave,2026-06-30,aave,3100.0,7939.0,10555.0,1359073513.6766815,16000000.0,coinmetrics_community
crypto_aave,2026-07-01,aave,1869.0,6374.0,9328.0,1334029806.5208545,16000000.0,coinmetrics_community
crypto_aave,2026-07-02,aave,1765.0,5334.0,7982.0,1379403210.12664,16000000.0,coinmetrics_community
crypto_aave,2026-07-03,aave,1581.0,6157.0,9391.0,1397794071.2310033,16000000.0,coinmetrics_community
crypto_aave,2026-07-04,aave,1232.0,5006.0,7686.0,1416270340.1266832,16000000.0,coinmetrics_community
crypto_aave,2026-07-05,aave,1057.0,3667.0,5527.0,1424437306.1350367,16000000.0,coinmetrics_community
crypto_aave,2026-07-06,aave,1707.0,7790.0,12314.0,1504321884.6817071,16000000.0,coinmetrics_community
crypto_aave,2026-07-07,aave,1474.0,5835.0,8483.0,1446418457.93672,16000000.0,coinmetrics_community
crypto_aave,2026-07-08,aave,1537.0,5323.0,7726.0,1409876190.4085777,16000000.0,coinmetrics_community
crypto_aave,2026-07-09,aave,1242.0,5477.0,8433.0,1460645299.5704064,16000000.0,coinmetrics_community
crypto_aave,2026-07-10,aave,1567.0,6745.0,10694.0,1531650699.2018352,16000000.0,coinmetrics_community
crypto_aave,2026-07-11,aave,1290.0,6377.0,9728.0,1577139892.012333,16000000.0,coinmetrics_community
crypto_aave,2026-07-12,aave,1136.0,5114.0,7871.0,1553438653.9986353,16000000.0,coinmetrics_community
crypto_aave,2026-07-13,aave,1223.0,4858.0,7220.0,1506359375.139696,16000000.0,coinmetrics_community
crypto_aave,2026-07-14,aave,1289.0,4620.0,6471.0,1580451164.5857377,16000000.0,coinmetrics_community
crypto_aave,2026-07-15,aave,1262.0,4307.0,6509.0,1533642531.5409937,16000000.0,coinmetrics_community
crypto_aave,2026-07-16,aave,1329.0,4033.0,5953.0,1457826099.9752305,16000000.0,coinmetrics_community
crypto_aave,2026-07-17,aave,1234.0,3858.0,5547.0,1439477569.165784,16000000.0,coinmetrics_community
crypto_aave,2026-07-18,aave,1062.0,3305.0,4951.0,1440151415.2124815,16000000.0,coinmetrics_community
crypto_aave,2026-07-19,aave,813.0,2662.0,3951.0,1428001920.8066049,16000000.0,coinmetrics_community
crypto_aave,2026-07-20,aave,1162.0,4282.0,6099.0,1436162179.9946687,16000000.0,coinmetrics_community
crypto_aave,2026-07-21,aave,1526.0,5680.0,8699.0,1527755160.7032225,16000000.0,coinmetrics_community
crypto_aave,2026-07-22,aave,1435.0,5767.0,8564.0,1556819839.9431393,16000000.0,coinmetrics_community
crypto_aave,2026-07-23,aave,1164.0,3399.0,4781.0,1526806904.3057663,16000000.0,coinmetrics_community
crypto_aave,2026-07-24,aave,1120.0,3103.0,4490.0,1488403172.2278256,16000000.0,coinmetrics_community
crypto_aave,2026-07-25,aave,848.0,2840.0,4314.0,1471856250.7871008,16000000.0,coinmetrics_community
crypto_aave,2026-07-26,aave,1114.0,5684.0,8417.0,1614008227.70432,16000000.0,coinmetrics_community
crypto_aave,2026-07-27,aave,1468.0,5427.0,7847.0,1564653614.937765,16000000.0,coinmetrics_community
crypto_aave,2026-07-28,aave,1283.0,4811.0,6984.0,1606474031.968192,16000000.0,coinmetrics_community
crypto_aave,2026-07-29,aave,1252.0,5877.0,8895.0,1538411847.05536,16000000.0,coinmetrics_community
crypto_aave,2026-07-30,aave,1404.0,4800.0,7017.0,1593066264.3622527,16000000.0,coinmetrics_community
crypto_aave,2026-07-31,aave,1829.0,5800.0,8765.0,1498053456.7837791,16000000.0,coinmetrics_community
crypto_aave,2026-08-01,aave,1479.0,5582.0,9024.0,1448254973.1696832,16000000.0,coinmetrics_community
crypto_aave,2026-08-02,aave,1088.0,3711.0,5619.0,1472367929.7381856,16000000.0,coinmetrics_community
crypto_aave,2026-08-03,aave,1175.0,3401.0,4827.0,1473614248.7625663,16000000.0,coinmetrics_community
crypto_aave,2026-08-04,aave,1153.0,3270.0,4506.0,1447408354.7904096,16000000.0,coinmetrics_community
crypto_aave,2026-08-05,aave,1157.0,3890.0,5891.0,1436778601.743019,16000000.0,coinmetrics_community
crypto_aave,2026-08-06,aave,1331.0,3612.0,5569.0,1429703572.3636303,16000000.0,coinmetrics_community
crypto_aave,2026-08-07,aave,971.0,3020.0,4581.0,1439292661.8454049,16000000.0,coinmetrics_community
crypto_aave,2026-08-08,aave,875.0,2277.0,3800.0,1460623025.6123872,16000000.0,coinmetrics_community
crypto_aave,2026-08-09,aave,837.0,2124.0,3823.0,1449165579.2194352,16000000.0,coinmetrics_community
crypto_aave,2026-08-10,aave,1173.0,2791.0,4598.0,1425169082.327208,16000000.0,coinmetrics_community
crypto_aave,2026-08-11,aave,1156.0,2924.0,5052.0,1410731814.0573936,16000000.0,coinmetrics_community
crypto_aave,2026-08-12,aave,1034.0,3226.0,5784.0,1406817454.5017536,16000000.0,coinmetrics_community
crypto_aave,2026-08-13,aave,1079.0,2990.0,5797.0,1411721460.0842705,16000000.0,coinmetrics_community
crypto_aave,2026-08-14,aave,1080.0,3475.0,6856.0,1377496129.0707345,16000000.0,coinmetrics_community
crypto_aave,2026-08-15,aave,767.0,1972.0,3902.0,1377814499.1799552,16000000.0,coinmetrics_community
crypto_aave,2026-08-16,aave,774.0,2036.0,4505.0,1374034292.7588527,16000000.0,coinmetrics_community
crypto_aave,2026-08-17,aave,999.0,2920.0,5340.0,1426245826.1287887,16000000.0,coinmetrics_community
crypto_aave,2026-08-18,aave,980.0,3131.0,5315.0,1399410166.418939,16000000.0,coinmetrics_community
crypto_aave,2026-08-19,aave,1316.0,4000.0,6805.0,1525833897.8151424,16000000.0,coinmetrics_community
crypto_aave,2026-08-20,aave,1601.0,5098.0,7888.0,1583208613.6557136,16000000.0,coinmetrics_community
crypto_aave,2026-08-21,aave,2140.0,10365.0,16064.0,1946892173.279728,16000000.0,coinmetrics_community
crypto_aave,2026-08-22,aave,3440.0,13943.0,21257.0,2014833626.283328,16000000.0,coinmetrics_community
