asset_id,date,ethereum_block,staking_component,staked_native_units,measurement_role,provider
crypto_aave,2025-08-23,23203647,legacy_stkaave,2842763.5248337705,legacy_component_only,ethereum_json_rpc
crypto_aave,2025-08-24,23210809,legacy_stkaave,2841871.2292812997,legacy_component_only,ethereum_json_rpc
crypto_aave,2025-08-25,23217982,legacy_stkaave,2839740.604393208,legacy_component_only,ethereum_json_rpc
crypto_aave,2025-08-26,23225149,legacy_stkaave,2839599.7552742483,legacy_component_only,ethereum_json_rpc
crypto_aave,2025-08-27,23232317,legacy_stkaave,2837791.1337427176,legacy_component_only,ethereum_json_rpc
crypto_aave,2025-08-28,23239474,legacy_stkaave,2837222.392924042,legacy_component_only,ethereum_json_rpc
crypto_aave,2025-08-29,23246642,legacy_stkaave,2824664.79447418,legacy_component_only,ethereum_json_rpc
crypto_aave,2025-08-30,23253813,legacy_stkaave,2823678.526890743,legacy_component_only,ethereum_json_rpc
crypto_aave,2025-08-31,23260988,legacy_stkaave,2821314.3245057305,legacy_component_only,ethereum_json_rpc
crypto_aave,2025-09-01,23268145,legacy_stkaave,2820721.485612584,legacy_component_only,ethereum_json_rpc
crypto_aave,2025-09-02,23275277,legacy_stkaave,2818659.0568795693,legacy_component_only,ethereum_json_rpc
crypto_aave,2025-09-03,23282445,legacy_stkaave,2816029.792391772,legacy_component_only,ethereum_json_rpc
crypto_aave,2025-09-04,23289608,legacy_stkaave,2815124.304270605,legacy_component_only,ethereum_json_rpc
crypto_aave,2025-09-05,23296767,legacy_stkaave,2813233.2971725487,legacy_component_only,ethereum_json_rpc
crypto_aave,2025-09-06,23303920,legacy_stkaave,2813139.4520444022,legacy_component_only,ethereum_json_rpc
crypto_aave,2025-09-07,23311077,legacy_stkaave,2813113.972773945,legacy_component_only,ethereum_json_rpc
crypto_aave,2025-09-08,23318234,legacy_stkaave,2812865.064208555,legacy_component_only,ethereum_json_rpc
crypto_aave,2025-09-09,23325400,legacy_stkaave,2811682.155010803,legacy_component_only,ethereum_json_rpc
crypto_aave,2025-09-10,23332544,legacy_stkaave,2811038.25775955,legacy_component_only,ethereum_json_rpc
crypto_aave,2025-09-11,23339679,legacy_stkaave,2808035.7566566914,legacy_component_only,ethereum_json_rpc
crypto_aave,2025-09-12,23346844,legacy_stkaave,2701488.741692118,legacy_component_only,ethereum_json_rpc
crypto_aave,2025-09-13,23354007,legacy_stkaave,2699641.2399085094,legacy_component_only,ethereum_json_rpc
crypto_aave,2025-09-14,23361178,legacy_stkaave,2697371.6660817815,legacy_component_only,ethereum_json_rpc
crypto_aave,2025-09-15,23368340,legacy_stkaave,2694554.9312380725,legacy_component_only,ethereum_json_rpc
crypto_aave,2025-09-16,23375485,legacy_stkaave,2693107.758495041,legacy_component_only,ethereum_json_rpc
crypto_aave,2025-09-17,23382662,legacy_stkaave,2693913.681615097,legacy_component_only,ethereum_json_rpc
crypto_aave,2025-09-18,23389823,legacy_stkaave,2691899.863612425,legacy_component_only,ethereum_json_rpc
crypto_aave,2025-09-19,23396985,legacy_stkaave,2693919.747932008,legacy_component_only,ethereum_json_rpc
crypto_aave,2025-09-20,23404139,legacy_stkaave,2692530.286324889,legacy_component_only,ethereum_json_rpc
crypto_aave,2025-09-21,23411284,legacy_stkaave,2698264.1622558665,legacy_component_only,ethereum_json_rpc
crypto_aave,2025-09-22,23418427,legacy_stkaave,2697687.079476882,legacy_component_only,ethereum_json_rpc
crypto_aave,2025-09-23,23425591,legacy_stkaave,2697943.4463699707,legacy_component_only,ethereum_json_rpc
crypto_aave,2025-09-24,23432756,legacy_stkaave,2688191.796501419,legacy_component_only,ethereum_json_rpc
crypto_aave,2025-09-25,23439913,legacy_stkaave,2668185.4451457486,legacy_component_only,ethereum_json_rpc
crypto_aave,2025-09-26,23447048,legacy_stkaave,2667856.61951624,legacy_component_only,ethereum_json_rpc
crypto_aave,2025-09-27,23454199,legacy_stkaave,2668384.2076125937,legacy_component_only,ethereum_json_rpc
crypto_aave,2025-09-28,23461355,legacy_stkaave,2668827.755375083,legacy_component_only,ethereum_json_rpc
crypto_aave,2025-09-29,23468508,legacy_stkaave,2669462.3042589715,legacy_component_only,ethereum_json_rpc
crypto_aave,2025-09-30,23475666,legacy_stkaave,2668582.6035005045,legacy_component_only,ethereum_json_rpc
crypto_aave,2025-10-01,23482810,legacy_stkaave,2669254.692482237,legacy_component_only,ethereum_json_rpc
crypto_aave,2025-10-02,23489959,legacy_stkaave,2670093.648984127,legacy_component_only,ethereum_json_rpc
crypto_aave,2025-10-03,23497113,legacy_stkaave,2670218.5178860393,legacy_component_only,ethereum_json_rpc
crypto_aave,2025-10-04,23504275,legacy_stkaave,2667488.966859238,legacy_component_only,ethereum_json_rpc
crypto_aave,2025-10-05,23511427,legacy_stkaave,2667420.342849745,legacy_component_only,ethereum_json_rpc
crypto_aave,2025-10-06,23518589,legacy_stkaave,2686490.40671773,legacy_component_only,ethereum_json_rpc
crypto_aave,2025-10-07,23525738,legacy_stkaave,2686097.601638152,legacy_component_only,ethereum_json_rpc
crypto_aave,2025-10-08,23532891,legacy_stkaave,2686082.5658554393,legacy_component_only,ethereum_json_rpc
crypto_aave,2025-10-09,23540037,legacy_stkaave,2686446.7138058357,legacy_component_only,ethereum_json_rpc
crypto_aave,2025-10-10,23547193,legacy_stkaave,2686314.237490784,legacy_component_only,ethereum_json_rpc
crypto_aave,2025-10-11,23554345,legacy_stkaave,2688382.0158542516,legacy_component_only,ethereum_json_rpc
crypto_aave,2025-10-12,23561505,legacy_stkaave,2700098.9914820036,legacy_component_only,ethereum_json_rpc
crypto_aave,2025-10-13,23568653,legacy_stkaave,2703914.8296052464,legacy_component_only,ethereum_json_rpc
crypto_aave,2025-10-14,23575803,legacy_stkaave,2704832.728320892,legacy_component_only,ethereum_json_rpc
crypto_aave,2025-10-15,23582954,legacy_stkaave,2703546.9329081834,legacy_component_only,ethereum_json_rpc
crypto_aave,2025-10-16,23590085,legacy_stkaave,2701211.061785605,legacy_component_only,ethereum_json_rpc
crypto_aave,2025-10-17,23597242,legacy_stkaave,2701999.735437082,legacy_component_only,ethereum_json_rpc
crypto_aave,2025-10-18,23604395,legacy_stkaave,2704936.964700043,legacy_component_only,ethereum_json_rpc
crypto_aave,2025-10-19,23611545,legacy_stkaave,2704430.206028118,legacy_component_only,ethereum_json_rpc
crypto_aave,2025-10-20,23618672,legacy_stkaave,2704426.48730892,legacy_component_only,ethereum_json_rpc
crypto_aave,2025-10-21,23625800,legacy_stkaave,2704328.844477161,legacy_component_only,ethereum_json_rpc
crypto_aave,2025-10-22,23632928,legacy_stkaave,2718824.7142381542,legacy_component_only,ethereum_json_rpc
crypto_aave,2025-10-23,23640061,legacy_stkaave,2706090.0977487783,legacy_component_only,ethereum_json_rpc
crypto_aave,2025-10-24,23647185,legacy_stkaave,2716225.9297678242,legacy_component_only,ethereum_json_rpc
crypto_aave,2025-10-25,23654334,legacy_stkaave,2710972.637352617,legacy_component_only,ethereum_json_rpc
crypto_aave,2025-10-26,23661492,legacy_stkaave,2711216.808580005,legacy_component_only,ethereum_json_rpc
crypto_aave,2025-10-27,23668639,legacy_stkaave,2711771.3739062585,legacy_component_only,ethereum_json_rpc
crypto_aave,2025-10-28,23675782,legacy_stkaave,2700853.698396216,legacy_component_only,ethereum_json_rpc
crypto_aave,2025-10-29,23682911,legacy_stkaave,2700886.7101868168,legacy_component_only,ethereum_json_rpc
crypto_aave,2025-10-30,23690063,legacy_stkaave,2702196.0658132103,legacy_component_only,ethereum_json_rpc
crypto_aave,2025-10-31,23697196,legacy_stkaave,2701690.9799390044,legacy_component_only,ethereum_json_rpc
crypto_aave,2025-11-01,23704348,legacy_stkaave,2703273.901557243,legacy_component_only,ethereum_json_rpc
crypto_aave,2025-11-02,23711503,legacy_stkaave,2698725.4943210045,legacy_component_only,ethereum_json_rpc
crypto_aave,2025-11-03,23718661,legacy_stkaave,2697574.9234292777,legacy_component_only,ethereum_json_rpc
crypto_aave,2025-11-04,23725820,legacy_stkaave,2678378.8617366427,legacy_component_only,ethereum_json_rpc
crypto_aave,2025-11-05,23732959,legacy_stkaave,2686353.168242693,legacy_component_only,ethereum_json_rpc
crypto_aave,2025-11-06,23740101,legacy_stkaave,2687405.4280710216,legacy_component_only,ethereum_json_rpc
crypto_aave,2025-11-07,23747251,legacy_stkaave,2688428.0495098853,legacy_component_only,ethereum_json_rpc
crypto_aave,2025-11-08,23754400,legacy_stkaave,2688756.516267347,legacy_component_only,ethereum_json_rpc
crypto_aave,2025-11-09,23761561,legacy_stkaave,2682669.8244693293,legacy_component_only,ethereum_json_rpc
crypto_aave,2025-11-10,23768723,legacy_stkaave,2683868.06814553,legacy_component_only,ethereum_json_rpc
crypto_aave,2025-11-11,23775852,legacy_stkaave,2686277.116946952,legacy_component_only,ethereum_json_rpc
crypto_aave,2025-11-12,23783008,legacy_stkaave,2685348.3680525054,legacy_component_only,ethereum_json_rpc
crypto_aave,2025-11-13,23790146,legacy_stkaave,2686034.389524261,legacy_component_only,ethereum_json_rpc
crypto_aave,2025-11-14,23797286,legacy_stkaave,2686426.921577166,legacy_component_only,ethereum_json_rpc
crypto_aave,2025-11-15,23804452,legacy_stkaave,2682474.4508990045,legacy_component_only,ethereum_json_rpc
crypto_aave,2025-11-16,23811607,legacy_stkaave,2682977.249851998,legacy_component_only,ethereum_json_rpc
crypto_aave,2025-11-17,23818754,legacy_stkaave,2682809.62387634,legacy_component_only,ethereum_json_rpc
crypto_aave,2025-11-18,23825867,legacy_stkaave,2683408.2532729534,legacy_component_only,ethereum_json_rpc
crypto_aave,2025-11-19,23832987,legacy_stkaave,2693625.403723005,legacy_component_only,ethereum_json_rpc
crypto_aave,2025-11-20,23840111,legacy_stkaave,2693792.0661423462,legacy_component_only,ethereum_json_rpc
crypto_aave,2025-11-21,23847245,legacy_stkaave,2651743.292125545,legacy_component_only,ethereum_json_rpc
crypto_aave,2025-11-22,23854348,legacy_stkaave,2675854.8145237705,legacy_component_only,ethereum_json_rpc
crypto_aave,2025-11-23,23861449,legacy_stkaave,2675058.5464421925,legacy_component_only,ethereum_json_rpc
crypto_aave,2025-11-24,23868579,legacy_stkaave,2677917.53059067,legacy_component_only,ethereum_json_rpc
crypto_aave,2025-11-25,23875671,legacy_stkaave,2677725.689311395,legacy_component_only,ethereum_json_rpc
crypto_aave,2025-11-26,23882781,legacy_stkaave,2679203.6914314535,legacy_component_only,ethereum_json_rpc
crypto_aave,2025-11-27,23889909,legacy_stkaave,2678939.003355415,legacy_component_only,ethereum_json_rpc
crypto_aave,2025-11-28,23897035,legacy_stkaave,2679144.3697828916,legacy_component_only,ethereum_json_rpc
crypto_aave,2025-11-29,23904181,legacy_stkaave,2677342.764014276,legacy_component_only,ethereum_json_rpc
crypto_aave,2025-11-30,23911338,legacy_stkaave,2684689.7212826824,legacy_component_only,ethereum_json_rpc
crypto_aave,2025-12-01,23918489,legacy_stkaave,2685420.6618733974,legacy_component_only,ethereum_json_rpc
crypto_aave,2025-12-02,23925640,legacy_stkaave,2685283.7394589246,legacy_component_only,ethereum_json_rpc
crypto_aave,2025-12-03,23932778,legacy_stkaave,2685260.3319651745,legacy_component_only,ethereum_json_rpc
crypto_aave,2025-12-04,23939552,legacy_stkaave,2689224.009876783,legacy_component_only,ethereum_json_rpc
crypto_aave,2025-12-05,23946611,legacy_stkaave,2689186.390699039,legacy_component_only,ethereum_json_rpc
crypto_aave,2025-12-06,23953700,legacy_stkaave,2689268.285470142,legacy_component_only,ethereum_json_rpc
crypto_aave,2025-12-07,23960816,legacy_stkaave,2689650.2772655496,legacy_component_only,ethereum_json_rpc
crypto_aave,2025-12-08,23967943,legacy_stkaave,2683233.347957243,legacy_component_only,ethereum_json_rpc
crypto_aave,2025-12-09,23975081,legacy_stkaave,2682705.896199805,legacy_component_only,ethereum_json_rpc
crypto_aave,2025-12-10,23982169,legacy_stkaave,2681585.942853617,legacy_component_only,ethereum_json_rpc
crypto_aave,2025-12-11,23989295,legacy_stkaave,2670739.0058937413,legacy_component_only,ethereum_json_rpc
crypto_aave,2025-12-12,23996407,legacy_stkaave,2671033.1944490164,legacy_component_only,ethereum_json_rpc
crypto_aave,2025-12-13,24003544,legacy_stkaave,2671608.0062410817,legacy_component_only,ethereum_json_rpc
crypto_aave,2025-12-14,24010704,legacy_stkaave,2674840.0337080434,legacy_component_only,ethereum_json_rpc
crypto_aave,2025-12-15,24017861,legacy_stkaave,2674577.04303409,legacy_component_only,ethereum_json_rpc
crypto_aave,2025-12-16,24025027,legacy_stkaave,2675043.9453046853,legacy_component_only,ethereum_json_rpc
crypto_aave,2025-12-17,24032195,legacy_stkaave,2652302.495160051,legacy_component_only,ethereum_json_rpc
crypto_aave,2025-12-18,24039349,legacy_stkaave,2652415.0260189883,legacy_component_only,ethereum_json_rpc
crypto_aave,2025-12-19,24046500,legacy_stkaave,2651957.146277657,legacy_component_only,ethereum_json_rpc
crypto_aave,2025-12-20,24053673,legacy_stkaave,2653796.433592318,legacy_component_only,ethereum_json_rpc
crypto_aave,2025-12-21,24060839,legacy_stkaave,2653316.792278575,legacy_component_only,ethereum_json_rpc
crypto_aave,2025-12-22,24068010,legacy_stkaave,2405694.5719496384,legacy_component_only,ethereum_json_rpc
crypto_aave,2025-12-23,24075173,legacy_stkaave,2400481.7381787505,legacy_component_only,ethereum_json_rpc
crypto_aave,2025-12-24,24082338,legacy_stkaave,2400924.8658725745,legacy_component_only,ethereum_json_rpc
crypto_aave,2025-12-25,24089498,legacy_stkaave,2401338.057213407,legacy_component_only,ethereum_json_rpc
crypto_aave,2025-12-26,24096663,legacy_stkaave,2401111.813041883,legacy_component_only,ethereum_json_rpc
crypto_aave,2025-12-27,24103827,legacy_stkaave,2403686.3838417656,legacy_component_only,ethereum_json_rpc
crypto_aave,2025-12-28,24110989,legacy_stkaave,2421947.741418008,legacy_component_only,ethereum_json_rpc
crypto_aave,2025-12-29,24118163,legacy_stkaave,2421930.106107673,legacy_component_only,ethereum_json_rpc
crypto_aave,2025-12-30,24125307,legacy_stkaave,2415328.112434732,legacy_component_only,ethereum_json_rpc
crypto_aave,2025-12-31,24132467,legacy_stkaave,2408886.159408343,legacy_component_only,ethereum_json_rpc
crypto_aave,2026-01-01,24139641,legacy_stkaave,2409208.588700635,legacy_component_only,ethereum_json_rpc
crypto_aave,2026-01-02,24146810,legacy_stkaave,2409219.4517567502,legacy_component_only,ethereum_json_rpc
crypto_aave,2026-01-03,24153978,legacy_stkaave,2410937.6034829295,legacy_component_only,ethereum_json_rpc
crypto_aave,2026-01-04,24161158,legacy_stkaave,2421669.992984443,legacy_component_only,ethereum_json_rpc
crypto_aave,2026-01-05,24168320,legacy_stkaave,2423061.2644224754,legacy_component_only,ethereum_json_rpc
crypto_aave,2026-01-06,24175495,legacy_stkaave,2453550.632403898,legacy_component_only,ethereum_json_rpc
crypto_aave,2026-01-07,24182662,legacy_stkaave,2454326.8580701025,legacy_component_only,ethereum_json_rpc
crypto_aave,2026-01-08,24189814,legacy_stkaave,2454276.711250676,legacy_component_only,ethereum_json_rpc
crypto_aave,2026-01-09,24196985,legacy_stkaave,2456366.995580313,legacy_component_only,ethereum_json_rpc
crypto_aave,2026-01-10,24204158,legacy_stkaave,2456822.646785673,legacy_component_only,ethereum_json_rpc
crypto_aave,2026-01-11,24211326,legacy_stkaave,2457518.493038757,legacy_component_only,ethereum_json_rpc
crypto_aave,2026-01-12,24218492,legacy_stkaave,2459004.230852907,legacy_component_only,ethereum_json_rpc
crypto_aave,2026-01-13,24225654,legacy_stkaave,2459735.334920443,legacy_component_only,ethereum_json_rpc
crypto_aave,2026-01-14,24232799,legacy_stkaave,2469931.1913782507,legacy_component_only,ethereum_json_rpc
crypto_aave,2026-01-15,24239970,legacy_stkaave,2470494.7512990506,legacy_component_only,ethereum_json_rpc
crypto_aave,2026-01-16,24247149,legacy_stkaave,2471284.986778127,legacy_component_only,ethereum_json_rpc
crypto_aave,2026-01-17,24254323,legacy_stkaave,2517037.6313604354,legacy_component_only,ethereum_json_rpc
crypto_aave,2026-01-18,24261500,legacy_stkaave,2520479.850248345,legacy_component_only,ethereum_json_rpc
crypto_aave,2026-01-19,24268679,legacy_stkaave,2520424.665400666,legacy_component_only,ethereum_json_rpc
crypto_aave,2026-01-20,24275847,legacy_stkaave,2503208.728470819,legacy_component_only,ethereum_json_rpc
crypto_aave,2026-01-21,24283023,legacy_stkaave,2503298.9461928313,legacy_component_only,ethereum_json_rpc
crypto_aave,2026-01-22,24290183,legacy_stkaave,2503526.1185164745,legacy_component_only,ethereum_json_rpc
crypto_aave,2026-01-23,24297345,legacy_stkaave,2504507.6050691246,legacy_component_only,ethereum_json_rpc
crypto_aave,2026-01-24,24304516,legacy_stkaave,2519239.2629809603,legacy_component_only,ethereum_json_rpc
crypto_aave,2026-01-25,24311685,legacy_stkaave,2520970.6099997116,legacy_component_only,ethereum_json_rpc
crypto_aave,2026-01-26,24318865,legacy_stkaave,2520919.568828148,legacy_component_only,ethereum_json_rpc
crypto_aave,2026-01-27,24326030,legacy_stkaave,2528051.2878025677,legacy_component_only,ethereum_json_rpc
crypto_aave,2026-01-28,24333199,legacy_stkaave,2527420.8746380066,legacy_component_only,ethereum_json_rpc
crypto_aave,2026-01-29,24340369,legacy_stkaave,2528137.3242911007,legacy_component_only,ethereum_json_rpc
crypto_aave,2026-01-30,24347543,legacy_stkaave,2491378.455555477,legacy_component_only,ethereum_json_rpc
crypto_aave,2026-01-31,24354716,legacy_stkaave,2492486.277449967,legacy_component_only,ethereum_json_rpc
crypto_aave,2026-02-01,24361875,legacy_stkaave,2507021.335901008,legacy_component_only,ethereum_json_rpc
crypto_aave,2026-02-02,24369034,legacy_stkaave,2512342.054589314,legacy_component_only,ethereum_json_rpc
crypto_aave,2026-02-03,24376188,legacy_stkaave,2514148.7045954047,legacy_component_only,ethereum_json_rpc
crypto_aave,2026-02-04,24383350,legacy_stkaave,2514308.041439848,legacy_component_only,ethereum_json_rpc
crypto_aave,2026-02-05,24390491,legacy_stkaave,2517103.1556540425,legacy_component_only,ethereum_json_rpc
crypto_aave,2026-02-06,24397644,legacy_stkaave,2514474.438352212,legacy_component_only,ethereum_json_rpc
crypto_aave,2026-02-07,24404804,legacy_stkaave,2525594.0981217874,legacy_component_only,ethereum_json_rpc
crypto_aave,2026-02-08,24411928,legacy_stkaave,2526430.5067509515,legacy_component_only,ethereum_json_rpc
crypto_aave,2026-02-09,24419066,legacy_stkaave,2536071.906505781,legacy_component_only,ethereum_json_rpc
crypto_aave,2026-02-10,24426234,legacy_stkaave,2534454.726003096,legacy_component_only,ethereum_json_rpc
crypto_aave,2026-02-11,24433390,legacy_stkaave,2539757.295381936,legacy_component_only,ethereum_json_rpc
crypto_aave,2026-02-12,24440558,legacy_stkaave,2540563.4442043486,legacy_component_only,ethereum_json_rpc
crypto_aave,2026-02-13,24447721,legacy_stkaave,2555585.2502308446,legacy_component_only,ethereum_json_rpc
crypto_aave,2026-02-14,24454890,legacy_stkaave,2562159.1791266357,legacy_component_only,ethereum_json_rpc
crypto_aave,2026-02-15,24462064,legacy_stkaave,2565195.559795215,legacy_component_only,ethereum_json_rpc
crypto_aave,2026-02-16,24469240,legacy_stkaave,2566711.8907417483,legacy_component_only,ethereum_json_rpc
crypto_aave,2026-02-17,24476412,legacy_stkaave,2567704.229543568,legacy_component_only,ethereum_json_rpc
crypto_aave,2026-02-18,24483579,legacy_stkaave,2565549.9889249206,legacy_component_only,ethereum_json_rpc
crypto_aave,2026-02-19,24490753,legacy_stkaave,2566689.8752899244,legacy_component_only,ethereum_json_rpc
crypto_aave,2026-02-20,24497923,legacy_stkaave,2571923.8857766264,legacy_component_only,ethereum_json_rpc
crypto_aave,2026-02-21,24505099,legacy_stkaave,2572280.205256948,legacy_component_only,ethereum_json_rpc
crypto_aave,2026-02-22,24512269,legacy_stkaave,2574863.0435546385,legacy_component_only,ethereum_json_rpc
crypto_aave,2026-02-23,24519448,legacy_stkaave,2578808.838852134,legacy_component_only,ethereum_json_rpc
crypto_aave,2026-02-24,24526621,legacy_stkaave,2579371.010064895,legacy_component_only,ethereum_json_rpc
crypto_aave,2026-02-25,24533790,legacy_stkaave,2581740.6305015,legacy_component_only,ethereum_json_rpc
crypto_aave,2026-02-26,24540952,legacy_stkaave,2583521.8343839706,legacy_component_only,ethereum_json_rpc
crypto_aave,2026-02-27,24548125,legacy_stkaave,2582846.092792531,legacy_component_only,ethereum_json_rpc
crypto_aave,2026-02-28,24555292,legacy_stkaave,2578159.970775256,legacy_component_only,ethereum_json_rpc
crypto_aave,2026-03-01,24562452,legacy_stkaave,2578828.5864474033,legacy_component_only,ethereum_json_rpc
crypto_aave,2026-03-02,24569620,legacy_stkaave,2580840.714129489,legacy_component_only,ethereum_json_rpc
crypto_aave,2026-03-03,24576791,legacy_stkaave,2580552.0829654457,legacy_component_only,ethereum_json_rpc
crypto_aave,2026-03-04,24583955,legacy_stkaave,2589106.605758081,legacy_component_only,ethereum_json_rpc
crypto_aave,2026-03-05,24591129,legacy_stkaave,2566707.642215176,legacy_component_only,ethereum_json_rpc
crypto_aave,2026-03-06,24598275,legacy_stkaave,2569394.9477285226,legacy_component_only,ethereum_json_rpc
crypto_aave,2026-03-07,24605434,legacy_stkaave,2800985.0608503055,legacy_component_only,ethereum_json_rpc
crypto_aave,2026-03-08,24612605,legacy_stkaave,2804091.345215978,legacy_component_only,ethereum_json_rpc
crypto_aave,2026-03-09,24619776,legacy_stkaave,2794447.6101869005,legacy_component_only,ethereum_json_rpc
crypto_aave,2026-03-10,24626929,legacy_stkaave,2899973.0611308445,legacy_component_only,ethereum_json_rpc
crypto_aave,2026-03-11,24634088,legacy_stkaave,2976634.224833296,legacy_component_only,ethereum_json_rpc
crypto_aave,2026-03-12,24641247,legacy_stkaave,2977678.3187906984,legacy_component_only,ethereum_json_rpc
crypto_aave,2026-03-13,24648404,legacy_stkaave,2976975.319346698,legacy_component_only,ethereum_json_rpc
crypto_aave,2026-03-14,24655582,legacy_stkaave,2965996.7930123853,legacy_component_only,ethereum_json_rpc
crypto_aave,2026-03-15,24662749,legacy_stkaave,2966089.2805706584,legacy_component_only,ethereum_json_rpc
crypto_aave,2026-03-16,24669919,legacy_stkaave,2967628.0083999475,legacy_component_only,ethereum_json_rpc
crypto_aave,2026-03-17,24677078,legacy_stkaave,2972263.770310963,legacy_component_only,ethereum_json_rpc
crypto_aave,2026-03-18,24684229,legacy_stkaave,2972892.3464704663,legacy_component_only,ethereum_json_rpc
crypto_aave,2026-03-19,24691394,legacy_stkaave,2973449.9933983507,legacy_component_only,ethereum_json_rpc
crypto_aave,2026-03-20,24698571,legacy_stkaave,2975027.9253124637,legacy_component_only,ethereum_json_rpc
crypto_aave,2026-03-21,24705742,legacy_stkaave,2971536.2924227742,legacy_component_only,ethereum_json_rpc
crypto_aave,2026-03-22,24712911,legacy_stkaave,2973308.548342947,legacy_component_only,ethereum_json_rpc
crypto_aave,2026-03-23,24720080,legacy_stkaave,2971602.9840457193,legacy_component_only,ethereum_json_rpc
crypto_aave,2026-03-24,24727252,legacy_stkaave,2971506.009829332,legacy_component_only,ethereum_json_rpc
crypto_aave,2026-03-25,24734429,legacy_stkaave,3004024.264147879,legacy_component_only,ethereum_json_rpc
crypto_aave,2026-03-26,24741594,legacy_stkaave,3012597.7114761933,legacy_component_only,ethereum_json_rpc
crypto_aave,2026-03-27,24748759,legacy_stkaave,3007394.676741356,legacy_component_only,ethereum_json_rpc
crypto_aave,2026-03-28,24755928,legacy_stkaave,3009796.042696803,legacy_component_only,ethereum_json_rpc
crypto_aave,2026-03-29,24763101,legacy_stkaave,3012263.2574675214,legacy_component_only,ethereum_json_rpc
crypto_aave,2026-03-30,24770277,legacy_stkaave,3005719.65477599,legacy_component_only,ethereum_json_rpc
crypto_aave,2026-03-31,24777448,legacy_stkaave,3006205.97011198,legacy_component_only,ethereum_json_rpc
crypto_aave,2026-04-01,24784606,legacy_stkaave,3007040.6719487687,legacy_component_only,ethereum_json_rpc
crypto_aave,2026-04-02,24791784,legacy_stkaave,3007434.891128145,legacy_component_only,ethereum_json_rpc
crypto_aave,2026-04-03,24798962,legacy_stkaave,2997506.307133283,legacy_component_only,ethereum_json_rpc
crypto_aave,2026-04-04,24806142,legacy_stkaave,2987849.1671312544,legacy_component_only,ethereum_json_rpc
crypto_aave,2026-04-05,24813319,legacy_stkaave,2985872.5037976685,legacy_component_only,ethereum_json_rpc
crypto_aave,2026-04-06,24820492,legacy_stkaave,3007585.736716776,legacy_component_only,ethereum_json_rpc
crypto_aave,2026-04-07,24827670,legacy_stkaave,3008719.2272215653,legacy_component_only,ethereum_json_rpc
crypto_aave,2026-04-08,24834849,legacy_stkaave,3000663.8904207614,legacy_component_only,ethereum_json_rpc
crypto_aave,2026-04-09,24842016,legacy_stkaave,3002852.5784611017,legacy_component_only,ethereum_json_rpc
crypto_aave,2026-04-10,24849184,legacy_stkaave,3001818.2804849762,legacy_component_only,ethereum_json_rpc
crypto_aave,2026-04-11,24856357,legacy_stkaave,3000368.480206965,legacy_component_only,ethereum_json_rpc
crypto_aave,2026-04-12,24863531,legacy_stkaave,3000053.1701093228,legacy_component_only,ethereum_json_rpc
crypto_aave,2026-04-13,24870711,legacy_stkaave,3003509.729967641,legacy_component_only,ethereum_json_rpc
crypto_aave,2026-04-14,24877893,legacy_stkaave,2998359.592095145,legacy_component_only,ethereum_json_rpc
crypto_aave,2026-04-15,24885075,legacy_stkaave,2998302.7184641296,legacy_component_only,ethereum_json_rpc
crypto_aave,2026-04-16,24892246,legacy_stkaave,2998622.176539792,legacy_component_only,ethereum_json_rpc
crypto_aave,2026-04-17,24899432,legacy_stkaave,2999286.9393689334,legacy_component_only,ethereum_json_rpc
crypto_aave,2026-04-18,24906614,legacy_stkaave,2999108.0675922395,legacy_component_only,ethereum_json_rpc
crypto_aave,2026-04-19,24913793,legacy_stkaave,2970069.7488701167,legacy_component_only,ethereum_json_rpc
crypto_aave,2026-04-20,24920969,legacy_stkaave,2970194.461138797,legacy_component_only,ethereum_json_rpc
crypto_aave,2026-04-21,24928154,legacy_stkaave,2683758.7841871604,legacy_component_only,ethereum_json_rpc
crypto_aave,2026-04-22,24935328,legacy_stkaave,2576751.286006229,legacy_component_only,ethereum_json_rpc
crypto_aave,2026-04-23,24942504,legacy_stkaave,2511502.951752996,legacy_component_only,ethereum_json_rpc
crypto_aave,2026-04-24,24949685,legacy_stkaave,2429339.396099985,legacy_component_only,ethereum_json_rpc
crypto_aave,2026-04-25,24956872,legacy_stkaave,2426034.782867501,legacy_component_only,ethereum_json_rpc
crypto_aave,2026-04-26,24964055,legacy_stkaave,2422041.6542526945,legacy_component_only,ethereum_json_rpc
crypto_aave,2026-04-27,24971239,legacy_stkaave,2421892.5670213522,legacy_component_only,ethereum_json_rpc
crypto_aave,2026-04-28,24978422,legacy_stkaave,2422163.933691452,legacy_component_only,ethereum_json_rpc
crypto_aave,2026-04-29,24985602,legacy_stkaave,2430623.74534102,legacy_component_only,ethereum_json_rpc
crypto_aave,2026-04-30,24992784,legacy_stkaave,2430893.955687338,legacy_component_only,ethereum_json_rpc
crypto_aave,2026-05-01,24999954,legacy_stkaave,2430991.147278223,legacy_component_only,ethereum_json_rpc
crypto_aave,2026-05-02,25007144,legacy_stkaave,1899869.6748023715,legacy_component_only,ethereum_json_rpc
crypto_aave,2026-05-03,25014326,legacy_stkaave,1948707.1843113308,legacy_component_only,ethereum_json_rpc
crypto_aave,2026-05-04,25021488,legacy_stkaave,1950250.742077457,legacy_component_only,ethereum_json_rpc
crypto_aave,2026-05-05,25028663,legacy_stkaave,1954260.8988681233,legacy_component_only,ethereum_json_rpc
crypto_aave,2026-05-06,25035848,legacy_stkaave,1956684.2577043225,legacy_component_only,ethereum_json_rpc
crypto_aave,2026-05-07,25043020,legacy_stkaave,1984933.6067150366,legacy_component_only,ethereum_json_rpc
crypto_aave,2026-05-08,25050201,legacy_stkaave,1982249.5503531909,legacy_component_only,ethereum_json_rpc
crypto_aave,2026-05-09,25057383,legacy_stkaave,1985393.5602641252,legacy_component_only,ethereum_json_rpc
crypto_aave,2026-05-10,25064552,legacy_stkaave,1990150.7272902543,legacy_component_only,ethereum_json_rpc
crypto_aave,2026-05-11,25071724,legacy_stkaave,2025241.8685772019,legacy_component_only,ethereum_json_rpc
crypto_aave,2026-05-12,25078897,legacy_stkaave,2033439.2837189715,legacy_component_only,ethereum_json_rpc
crypto_aave,2026-05-13,25086075,legacy_stkaave,2043269.1821114002,legacy_component_only,ethereum_json_rpc
crypto_aave,2026-05-14,25093234,legacy_stkaave,2043140.899038472,legacy_component_only,ethereum_json_rpc
crypto_aave,2026-05-15,25100406,legacy_stkaave,2048598.8511765595,legacy_component_only,ethereum_json_rpc
crypto_aave,2026-05-16,25107589,legacy_stkaave,2067530.2952261402,legacy_component_only,ethereum_json_rpc
crypto_aave,2026-05-17,25114767,legacy_stkaave,2068119.3096217683,legacy_component_only,ethereum_json_rpc
crypto_aave,2026-05-18,25121948,legacy_stkaave,2071551.4951758827,legacy_component_only,ethereum_json_rpc
crypto_aave,2026-05-19,25129127,legacy_stkaave,2079939.3354928019,legacy_component_only,ethereum_json_rpc
crypto_aave,2026-05-20,25136306,legacy_stkaave,2084958.2279771788,legacy_component_only,ethereum_json_rpc
crypto_aave,2026-05-21,25143481,legacy_stkaave,2084973.7875402195,legacy_component_only,ethereum_json_rpc
crypto_aave,2026-05-22,25150657,legacy_stkaave,2080455.106081661,legacy_component_only,ethereum_json_rpc
crypto_aave,2026-05-23,25157835,legacy_stkaave,2080440.077789887,legacy_component_only,ethereum_json_rpc
crypto_aave,2026-05-24,25165011,legacy_stkaave,2093369.270897891,legacy_component_only,ethereum_json_rpc
crypto_aave,2026-05-25,25172180,legacy_stkaave,2093555.7492201582,legacy_component_only,ethereum_json_rpc
crypto_aave,2026-05-26,25179351,legacy_stkaave,2093383.68668013,legacy_component_only,ethereum_json_rpc
crypto_aave,2026-05-27,25186530,legacy_stkaave,2088811.5118399616,legacy_component_only,ethereum_json_rpc
crypto_aave,2026-05-28,25193704,legacy_stkaave,2092108.1594288934,legacy_component_only,ethereum_json_rpc
crypto_aave,2026-05-29,25200882,legacy_stkaave,2100772.635469188,legacy_component_only,ethereum_json_rpc
crypto_aave,2026-05-30,25208048,legacy_stkaave,2110126.432809947,legacy_component_only,ethereum_json_rpc
crypto_aave,2026-05-31,25215210,legacy_stkaave,2110775.9913496063,legacy_component_only,ethereum_json_rpc
crypto_aave,2026-06-01,25222382,legacy_stkaave,2108988.657771486,legacy_component_only,ethereum_json_rpc
crypto_aave,2026-06-02,25229556,legacy_stkaave,2112627.088363037,legacy_component_only,ethereum_json_rpc
crypto_aave,2026-06-03,25236724,legacy_stkaave,2114763.4686959796,legacy_component_only,ethereum_json_rpc
crypto_aave,2026-06-04,25243884,legacy_stkaave,2118565.7954206257,legacy_component_only,ethereum_json_rpc
crypto_aave,2026-06-05,25251034,legacy_stkaave,2120490.379684249,legacy_component_only,ethereum_json_rpc
crypto_aave,2026-06-06,25258205,legacy_stkaave,2121865.500313922,legacy_component_only,ethereum_json_rpc
crypto_aave,2026-06-07,25265377,legacy_stkaave,2124253.324942732,legacy_component_only,ethereum_json_rpc
crypto_aave,2026-06-08,25272553,legacy_stkaave,2150758.8303084583,legacy_component_only,ethereum_json_rpc
crypto_aave,2026-06-09,25279728,legacy_stkaave,2154108.7663790807,legacy_component_only,ethereum_json_rpc
crypto_aave,2026-06-10,25286908,legacy_stkaave,2152114.3030988863,legacy_component_only,ethereum_json_rpc
crypto_aave,2026-06-11,25294077,legacy_stkaave,2151929.6581115094,legacy_component_only,ethereum_json_rpc
crypto_aave,2026-06-12,25301246,legacy_stkaave,2151152.863003672,legacy_component_only,ethereum_json_rpc
crypto_aave,2026-06-13,25308417,legacy_stkaave,2152539.529072041,legacy_component_only,ethereum_json_rpc
crypto_aave,2026-06-14,25315586,legacy_stkaave,2152645.6589731816,legacy_component_only,ethereum_json_rpc
crypto_aave,2026-06-15,25322761,legacy_stkaave,2152812.519042614,legacy_component_only,ethereum_json_rpc
crypto_aave,2026-06-16,25329941,legacy_stkaave,2151273.5155442087,legacy_component_only,ethereum_json_rpc
crypto_aave,2026-06-17,25337126,legacy_stkaave,2152358.8488034494,legacy_component_only,ethereum_json_rpc
crypto_aave,2026-06-18,25344309,legacy_stkaave,2156948.866559144,legacy_component_only,ethereum_json_rpc
crypto_aave,2026-06-19,25351485,legacy_stkaave,2157352.9323186944,legacy_component_only,ethereum_json_rpc
crypto_aave,2026-06-20,25358659,legacy_stkaave,2157396.682275022,legacy_component_only,ethereum_json_rpc
crypto_aave,2026-06-21,25365826,legacy_stkaave,2157377.719176841,legacy_component_only,ethereum_json_rpc
crypto_aave,2026-06-22,25373001,legacy_stkaave,2157730.1003179247,legacy_component_only,ethereum_json_rpc
crypto_aave,2026-06-23,25380173,legacy_stkaave,2157541.6118722823,legacy_component_only,ethereum_json_rpc
crypto_aave,2026-06-24,25387334,legacy_stkaave,2157422.5478727655,legacy_component_only,ethereum_json_rpc
crypto_aave,2026-06-25,25394500,legacy_stkaave,2164575.1356524667,legacy_component_only,ethereum_json_rpc
crypto_aave,2026-06-26,25401666,legacy_stkaave,2165246.9284918387,legacy_component_only,ethereum_json_rpc
crypto_aave,2026-06-27,25408838,legacy_stkaave,2163612.5930020344,legacy_component_only,ethereum_json_rpc
crypto_aave,2026-06-28,25416017,legacy_stkaave,2164132.93634469,legacy_component_only,ethereum_json_rpc
crypto_aave,2026-06-29,25423183,legacy_stkaave,2163124.219900655,legacy_component_only,ethereum_json_rpc
crypto_aave,2026-06-30,25430355,legacy_stkaave,2163203.749877778,legacy_component_only,ethereum_json_rpc
crypto_aave,2026-07-01,25437525,legacy_stkaave,2163587.9424466616,legacy_component_only,ethereum_json_rpc
crypto_aave,2026-07-02,25444688,legacy_stkaave,2231465.3355569616,legacy_component_only,ethereum_json_rpc
crypto_aave,2026-07-03,25451847,legacy_stkaave,2240561.030036481,legacy_component_only,ethereum_json_rpc
crypto_aave,2026-07-04,25459020,legacy_stkaave,2240257.407348177,legacy_component_only,ethereum_json_rpc
crypto_aave,2026-07-05,25466182,legacy_stkaave,2241930.4729318107,legacy_component_only,ethereum_json_rpc
crypto_aave,2026-07-06,25473353,legacy_stkaave,2236434.6857923893,legacy_component_only,ethereum_json_rpc
crypto_aave,2026-07-07,25480530,legacy_stkaave,2237699.204635027,legacy_component_only,ethereum_json_rpc
crypto_aave,2026-07-08,25487710,legacy_stkaave,2242538.8125273725,legacy_component_only,ethereum_json_rpc
crypto_aave,2026-07-09,25494884,legacy_stkaave,2242905.289741398,legacy_component_only,ethereum_json_rpc
crypto_aave,2026-07-10,25502048,legacy_stkaave,2241948.3597517028,legacy_component_only,ethereum_json_rpc
crypto_aave,2026-07-11,25509231,legacy_stkaave,2242559.934462972,legacy_component_only,ethereum_json_rpc
crypto_aave,2026-07-12,25516401,legacy_stkaave,2238806.0382971293,legacy_component_only,ethereum_json_rpc
crypto_aave,2026-07-13,25523567,legacy_stkaave,2245872.5400482984,legacy_component_only,ethereum_json_rpc
crypto_aave,2026-07-14,25530743,legacy_stkaave,2242470.777629224,legacy_component_only,ethereum_json_rpc
crypto_aave,2026-07-15,25537916,legacy_stkaave,2250725.1605650336,legacy_component_only,ethereum_json_rpc
crypto_aave,2026-07-16,25545088,legacy_stkaave,2250756.7585321106,legacy_component_only,ethereum_json_rpc
crypto_aave,2026-07-17,25552267,legacy_stkaave,2249766.603405196,legacy_component_only,ethereum_json_rpc
crypto_aave,2026-07-18,25559447,legacy_stkaave,2252545.028181819,legacy_component_only,ethereum_json_rpc
crypto_aave,2026-07-19,25566615,legacy_stkaave,2252828.8107927856,legacy_component_only,ethereum_json_rpc
crypto_aave,2026-07-20,25573787,legacy_stkaave,2253272.320908681,legacy_component_only,ethereum_json_rpc
crypto_aave,2026-07-21,25580957,legacy_stkaave,2253301.7745903167,legacy_component_only,ethereum_json_rpc
crypto_aave,2026-07-22,25588132,legacy_stkaave,2264643.7905475907,legacy_component_only,ethereum_json_rpc
crypto_aave,2026-07-23,25595292,legacy_stkaave,2264688.4283669526,legacy_component_only,ethereum_json_rpc
crypto_aave,2026-07-24,25602459,legacy_stkaave,2260015.831173007,legacy_component_only,ethereum_json_rpc
crypto_aave,2026-07-25,25609643,legacy_stkaave,2260104.5457683243,legacy_component_only,ethereum_json_rpc
crypto_aave,2026-07-26,25616825,legacy_stkaave,2261056.4620368676,legacy_component_only,ethereum_json_rpc
crypto_aave,2026-07-27,25624004,legacy_stkaave,2262405.6090137176,legacy_component_only,ethereum_json_rpc
crypto_aave,2026-07-28,25631179,legacy_stkaave,2262498.9728768966,legacy_component_only,ethereum_json_rpc
crypto_aave,2026-07-29,25638350,legacy_stkaave,2343291.6919145,legacy_component_only,ethereum_json_rpc
crypto_aave,2026-07-30,25645533,legacy_stkaave,2343314.544117275,legacy_component_only,ethereum_json_rpc
crypto_aave,2026-07-31,25652701,legacy_stkaave,2343745.813585021,legacy_component_only,ethereum_json_rpc
crypto_aave,2026-08-01,25659884,legacy_stkaave,2456153.414215496,legacy_component_only,ethereum_json_rpc
crypto_aave,2026-08-02,25667059,legacy_stkaave,2455692.7224263907,legacy_component_only,ethereum_json_rpc
crypto_aave,2026-08-03,25674228,legacy_stkaave,2456866.5875247605,legacy_component_only,ethereum_json_rpc
crypto_aave,2026-08-04,25681410,legacy_stkaave,2457209.338120458,legacy_component_only,ethereum_json_rpc
crypto_aave,2026-08-05,25688585,legacy_stkaave,2457228.344901732,legacy_component_only,ethereum_json_rpc
crypto_aave,2026-08-06,25695768,legacy_stkaave,2457920.975082122,legacy_component_only,ethereum_json_rpc
crypto_aave,2026-08-07,25702948,legacy_stkaave,2458021.5992138856,legacy_component_only,ethereum_json_rpc
crypto_aave,2026-08-08,25710102,legacy_stkaave,2449732.214667505,legacy_component_only,ethereum_json_rpc
crypto_aave,2026-08-09,25717281,legacy_stkaave,2449924.0612970204,legacy_component_only,ethereum_json_rpc
crypto_aave,2026-08-10,25724455,legacy_stkaave,2449915.603219636,legacy_component_only,ethereum_json_rpc
crypto_aave,2026-08-11,25731615,legacy_stkaave,2451169.176259678,legacy_component_only,ethereum_json_rpc
crypto_aave,2026-08-12,25738777,legacy_stkaave,2450800.154898826,legacy_component_only,ethereum_json_rpc
crypto_aave,2026-08-13,25745957,legacy_stkaave,2450884.1060515773,legacy_component_only,ethereum_json_rpc
crypto_aave,2026-08-14,25753134,legacy_stkaave,2450728.065970103,legacy_component_only,ethereum_json_rpc
crypto_aave,2026-08-15,25760305,legacy_stkaave,2449799.145673175,legacy_component_only,ethereum_json_rpc
crypto_aave,2026-08-16,25767480,legacy_stkaave,2448336.787559387,legacy_component_only,ethereum_json_rpc
crypto_aave,2026-08-17,25774663,legacy_stkaave,2449306.1517927623,legacy_component_only,ethereum_json_rpc
crypto_aave,2026-08-18,25781833,legacy_stkaave,2449134.9146549073,legacy_component_only,ethereum_json_rpc
crypto_aave,2026-08-19,25789015,legacy_stkaave,2449458.283194431,legacy_component_only,ethereum_json_rpc
crypto_aave,2026-08-20,25796189,legacy_stkaave,2451986.850460771,legacy_component_only,ethereum_json_rpc
crypto_aave,2026-08-21,25803369,legacy_stkaave,2451773.1014229488,legacy_component_only,ethereum_json_rpc
crypto_aave,2026-08-22,25810546,legacy_stkaave,2447855.2435155115,legacy_component_only,ethereum_json_rpc
