estimable,model_id,outcome,predictors,role,exact_rank_permutation_p_two_sided,intercept,leave_one_out_rmse,slopes,spearman_rank_correlation
1,raw_breadth,mean_log_market_cap_usd,raw_function_breadth,benchmark_count,0.43333333333333335,21.554709072749464,3.486644884584888,0.514904,0.4058397249567139
1,active_bundle_count,mean_log_market_cap_usd,active_bundle_count,bundle_count,0.7333333333333333,22.344865936747343,3.8580032416791195,0.387055,0.17393131069573453
1,bundle_monetary_store,mean_log_market_cap_usd,bundle_monetary_store,single_bundle,0.1,21.269927490767994,1.2967936277840832,5.375335,0.8783100656536799
1,bundle_transaction_service_demand,mean_log_market_cap_usd,bundle_transaction_service_demand,single_bundle,0.5333333333333333,22.981517376189807,3.3173807470707595,2.928233,0.41403933560541256
1,bundle_security_commitment,mean_log_market_cap_usd,bundle_security_commitment,single_bundle,1.0,23.496647142890016,4.1781109225348985,0.921895,0.09759000729485331
1,bundle_supply_absorption,mean_log_market_cap_usd,bundle_supply_absorption,single_bundle,0.7,23.397466316051048,4.150753027915234,1.120257,0.29277002188455997
1,bundle_financial_integration,mean_log_market_cap_usd,bundle_financial_integration,single_bundle,0.26666666666666666,21.186827198107395,2.750996195905616,4.156152,0.6210590034081188
1,bundle_control_rights,mean_log_market_cap_usd,bundle_control_rights,single_bundle,0.13333333333333333,27.286670430739036,2.197522273720448,-4.993613,-0.8280786712108251
1,bundle_holder_capture,mean_log_market_cap_usd,bundle_holder_capture,single_bundle,0.7,23.397466316051048,4.150753027915234,1.120257,0.29277002188455997
1,bundle_subsidized_participation,mean_log_market_cap_usd,bundle_subsidized_participation,single_bundle,0.2,25.43567047269472,3.6081966342689555,-2.956151,-0.6831300510639732
1,raw_breadth_plus_holder_capture,mean_log_market_cap_usd,raw_function_breadth|bundle_holder_capture,nested_theory_addition,,21.42010813317189,4.353010497359403,0.659119|-1.076808,
1,raw_breadth,mean_log_market_cap_to_daily_fees,raw_function_breadth,benchmark_count,0.6,9.758804158349776,5.664267560182859,0.109433,0.28988551782622424
1,active_bundle_count,mean_log_market_cap_to_daily_fees,active_bundle_count,bundle_count,0.8611111111111112,11.051092347962177,6.356133986507882,-0.187584,0.08696565534786727
1,bundle_monetary_store,mean_log_market_cap_to_daily_fees,bundle_monetary_store,single_bundle,0.1,7.104766062989828,4.284422858548108,6.329451,0.8783100656536799
1,bundle_transaction_service_demand,mean_log_market_cap_to_daily_fees,bundle_transaction_service_demand,single_bundle,0.5333333333333333,10.107631756699877,5.691375757573529,0.485580,0.41403933560541256
1,bundle_security_commitment,mean_log_market_cap_to_daily_fees,bundle_security_commitment,single_bundle,1.0,11.156628701812487,6.254626288464666,-1.774274,-0.09759000729485331
1,bundle_supply_absorption,mean_log_market_cap_to_daily_fees,bundle_supply_absorption,single_bundle,0.7,11.054577521261088,6.28524603620328,-1.570172,0.29277002188455997
1,bundle_financial_integration,mean_log_market_cap_to_daily_fees,bundle_financial_integration,single_bundle,0.5333333333333333,7.176828633803715,4.879876964057537,4.638995,0.41403933560541256
1,bundle_control_rights,mean_log_market_cap_to_daily_fees,bundle_control_rights,single_bundle,0.26666666666666666,14.61108915445828,5.530663573045719,-6.512396,-0.6210590034081188
1,bundle_holder_capture,mean_log_market_cap_to_daily_fees,bundle_holder_capture,single_bundle,0.7,11.054577521261088,6.28524603620328,-1.570172,0.29277002188455997
1,bundle_subsidized_participation,mean_log_market_cap_to_daily_fees,bundle_subsidized_participation,single_bundle,0.4,12.162990923977604,5.729233235919119,-3.786999,-0.4879500364742666
1,raw_breadth_plus_holder_capture,mean_log_market_cap_to_daily_fees,raw_function_breadth|bundle_holder_capture,nested_theory_addition,,9.321880298794749,6.307146639010515,0.577566|-3.495391,
