event_id,asset_id,event_date,expected_return_sign,impact_share,estimation_observations,market_beta,car_-1_1,car_-3_3,car_-7_7,car_-14_14,direction_adjusted_primary_car,primary_sign_matches_h3
arb_monthly_unlock_2025-09-16,crypto_arb,2025-09-16,negative,0.017494263808871927,90,1.622324304331314,-0.008307009911412918,-0.06023756685537518,-0.09323647071870063,-0.12129111446839687,0.008307009911412918,1
arb_monthly_unlock_2025-10-16,crypto_arb,2025-10-16,negative,0.01714512201959773,90,1.5916566681094686,0.060219587784322404,0.04853018585721615,0.00041242761367764336,-0.12908409350114275,-0.060219587784322404,0
arb_monthly_unlock_2025-11-16,crypto_arb,2025-11-16,negative,0.016815046547517812,90,1.539447878995834,0.00998565838604738,0.03552192756917118,-0.05523654538058542,0.06820486540243097,-0.00998565838604738,0
arb_monthly_unlock_2025-12-16,crypto_arb,2025-12-16,negative,0.01649048914214382,90,1.465015238904217,0.009169850136389652,0.05146353283427994,0.11105559832517414,0.122202177986216,-0.009169850136389652,0
arb_monthly_unlock_2026-01-16,crypto_arb,2026-01-16,negative,0.016070553886556153,90,1.4002346150794736,0.048009990709911764,0.04079887567456044,0.016768010199975463,0.017098767968981483,-0.048009990709911764,0
arb_monthly_unlock_2026-02-16,crypto_arb,2026-02-16,negative,0.01590005066177512,90,1.3557166925630146,-0.014477260817476842,-0.14244420068633135,-0.1075189401855295,-0.08155845556843551,0.014477260817476842,1
arb_monthly_unlock_2026-03-16,crypto_arb,2026-03-16,negative,0.015599332186119802,90,1.1951817839147034,-0.003602876403330745,-0.019843208251355285,-0.03331827067015069,-0.03985345077698972,0.003602876403330745,1
arb_monthly_unlock_2026-04-16,crypto_arb,2026-04-16,negative,0.015336601189854839,90,1.1212680505682997,0.10954376793473089,0.0926184773463504,0.20013648577491516,0.3414681942600049,-0.10954376793473089,0
arb_monthly_unlock_2026-05-16,crypto_arb,2026-05-16,negative,0.015062637282008396,90,1.0811047995200072,-0.03198505422097811,-0.06541218146608428,-0.1332455669288836,-0.126188596576866,0.03198505422097811,1
arb_monthly_unlock_2026-06-16,crypto_arb,2026-06-16,negative,0.014809599918725212,90,1.1795948128389138,-0.01013382490677355,-0.03951451766748287,-0.02026907600851257,-0.025863545926040295,0.01013382490677355,1
arb_monthly_unlock_2026-07-16,crypto_arb,2026-07-16,negative,0.014560506529006003,90,1.1631593685774362,0.01354578930773193,-0.03551211074271146,0.0907313750270837,-0.044054611527067744,-0.01354578930773193,0
arb_monthly_unlock_2026-08-16,crypto_arb,2026-08-16,negative,0.014007397350405648,90,1.118337284092941,0.003485746561985522,0.11714910091452027,,,-0.003485746561985522,0
bnb_33rd_quarterly_burn,crypto_bnb,2025-10-27,positive,0.010355174569688432,90,0.57002130177944,-0.0303692664993121,-0.06266688903446953,-0.11163760957770028,-0.3296227259530645,-0.0303692664993121,0
bnb_34th_quarterly_burn,crypto_bnb,2026-01-15,positive,0.009856061202029214,90,0.7112817233304571,0.013462239908009127,0.03509360543456823,0.02413209890129575,-0.015694843098174028,0.013462239908009127,1
bnb_35th_quarterly_burn,crypto_bnb,2026-04-15,positive,0.011275064689467077,90,0.7464699847148056,0.007141688574783204,0.025540758256636736,0.022159612532902103,-0.014915439881159735,0.007141688574783204,1
bnb_36th_quarterly_burn,crypto_bnb,2026-07-15,positive,0.011988329390555785,90,0.6442120676951643,0.0028716248329939353,-0.005107432137543313,-0.03567267552256805,-0.00498974385476006,0.0028716248329939353,1
