asset_id,fee_scope,fee_rows,first_date,last_date,log_fee_sd,capture_values
crypto_aave,application_protocol,361,2025-08-26,2026-08-21,0.540075129214657,0|1
crypto_ada,chain,361,2025-08-26,2026-08-21,0.9197726033899022,0
crypto_arb,chain,361,2025-08-26,2026-08-21,0.7257629893133188,1
crypto_avax,chain,361,2025-08-26,2026-08-21,0.46873467034111266,1
crypto_bnb,chain,361,2025-08-26,2026-08-21,0.6298805869065698,1
crypto_btc,chain,361,2025-08-26,2026-08-21,1.0724114137669838,0
crypto_eth,chain,361,2025-08-26,2026-08-21,0.42207078733979875,1
crypto_sol,chain,361,2025-08-26,2026-08-21,0.3960029818244715,1
crypto_trx,chain,361,2025-08-26,2026-08-21,0.2743128668053283,1
crypto_uni,application_protocol,361,2025-08-26,2026-08-21,0.571282655438432,0|1
crypto_xrp,chain,361,2025-08-26,2026-08-21,0.5739340339932809,1
