response_id,item_id,kind,text,argument_group
R000,B1_governed_treasury,scenario_reasoning,Reasoning from respondent 0 on B1_governed_treasury.,
R000,B2_fee_burn,scenario_reasoning,Reasoning from respondent 0 on B2_fee_burn.,
R000,B3_paused_mechanism,scenario_reasoning,Reasoning from respondent 0 on B3_paused_mechanism.,
R000,B4_zero_fee_valid,scenario_reasoning,Reasoning from respondent 0 on B4_zero_fee_valid.,
R000,B5_issuance_reward,scenario_reasoning,Reasoning from respondent 0 on B5_issuance_reward.,
R000,B6_immobilised_fees,scenario_reasoning,Reasoning from respondent 0 on B6_immobilised_fees.,
R000,F4_blind_exercise_problems,open_question,Cell note from respondent 0.,
R001,B1_governed_treasury,scenario_reasoning,Reasoning from respondent 1 on B1_governed_treasury.,
R001,B2_fee_burn,scenario_reasoning,Reasoning from respondent 1 on B2_fee_burn.,
R001,B3_paused_mechanism,scenario_reasoning,Reasoning from respondent 1 on B3_paused_mechanism.,
R001,B4_zero_fee_valid,scenario_reasoning,Reasoning from respondent 1 on B4_zero_fee_valid.,
R001,B5_issuance_reward,scenario_reasoning,Reasoning from respondent 1 on B5_issuance_reward.,
R001,B6_immobilised_fees,scenario_reasoning,Reasoning from respondent 1 on B6_immobilised_fees.,
R001,F1_missing_functions,open_question,Open answer 1 for F1_missing_functions.,
R001,F3_unanswered,open_question,Open answer 1 for F3_unanswered.,
R001,F4_blind_exercise_problems,open_question,Cell note from respondent 1.,
R002,B1_governed_treasury,scenario_reasoning,Reasoning from respondent 2 on B1_governed_treasury.,
R002,B3_paused_mechanism,scenario_reasoning,Reasoning from respondent 2 on B3_paused_mechanism.,
R002,B4_zero_fee_valid,scenario_reasoning,Reasoning from respondent 2 on B4_zero_fee_valid.,
R002,B5_issuance_reward,scenario_reasoning,Reasoning from respondent 2 on B5_issuance_reward.,
R002,B6_immobilised_fees,scenario_reasoning,Reasoning from respondent 2 on B6_immobilised_fees.,
R002,F1_missing_functions,open_question,Open answer 2 for F1_missing_functions.,
R002,F2_what_would_change,open_question,Open answer 2 for F2_what_would_change.,
R002,F3_unanswered,open_question,Open answer 2 for F3_unanswered.,
R002,F4_blind_exercise_problems,open_question,Cell note from respondent 2.,
R003,B1_governed_treasury,scenario_reasoning,Reasoning from respondent 3 on B1_governed_treasury.,
R003,B2_fee_burn,scenario_reasoning,Reasoning from respondent 3 on B2_fee_burn.,
R003,B5_issuance_reward,scenario_reasoning,Reasoning from respondent 3 on B5_issuance_reward.,
R003,B6_immobilised_fees,scenario_reasoning,Reasoning from respondent 3 on B6_immobilised_fees.,
R003,F2_what_would_change,open_question,Open answer 3 for F2_what_would_change.,
R003,F4_blind_exercise_problems,open_question,Cell note from respondent 3.,
R004,B3_paused_mechanism,scenario_reasoning,Reasoning from respondent 4 on B3_paused_mechanism.,
R004,B6_immobilised_fees,scenario_reasoning,Reasoning from respondent 4 on B6_immobilised_fees.,
R004,F1_missing_functions,open_question,Open answer 4 for F1_missing_functions.,
R004,F3_unanswered,open_question,Open answer 4 for F3_unanswered.,
R004,F4_blind_exercise_problems,open_question,Cell note from respondent 4.,
R005,B1_governed_treasury,scenario_reasoning,Reasoning from respondent 5 on B1_governed_treasury.,
R005,B4_zero_fee_valid,scenario_reasoning,Reasoning from respondent 5 on B4_zero_fee_valid.,
R005,B5_issuance_reward,scenario_reasoning,Reasoning from respondent 5 on B5_issuance_reward.,
R005,B6_immobilised_fees,scenario_reasoning,Reasoning from respondent 5 on B6_immobilised_fees.,
R005,F4_blind_exercise_problems,open_question,Cell note from respondent 5.,
R006,B1_governed_treasury,scenario_reasoning,Reasoning from respondent 6 on B1_governed_treasury.,
R006,B2_fee_burn,scenario_reasoning,Reasoning from respondent 6 on B2_fee_burn.,
R006,B3_paused_mechanism,scenario_reasoning,Reasoning from respondent 6 on B3_paused_mechanism.,
R006,B5_issuance_reward,scenario_reasoning,Reasoning from respondent 6 on B5_issuance_reward.,
R006,B6_immobilised_fees,scenario_reasoning,Reasoning from respondent 6 on B6_immobilised_fees.,
R006,F3_unanswered,open_question,Open answer 6 for F3_unanswered.,
R006,F4_blind_exercise_problems,open_question,Cell note from respondent 6.,
R007,B1_governed_treasury,scenario_reasoning,Reasoning from respondent 7 on B1_governed_treasury.,
R007,B2_fee_burn,scenario_reasoning,Reasoning from respondent 7 on B2_fee_burn.,
R007,B3_paused_mechanism,scenario_reasoning,Reasoning from respondent 7 on B3_paused_mechanism.,
R007,B4_zero_fee_valid,scenario_reasoning,Reasoning from respondent 7 on B4_zero_fee_valid.,
R007,B5_issuance_reward,scenario_reasoning,Reasoning from respondent 7 on B5_issuance_reward.,
R007,F3_unanswered,open_question,Open answer 7 for F3_unanswered.,
R007,F4_blind_exercise_problems,open_question,Cell note from respondent 7.,
R008,B1_governed_treasury,scenario_reasoning,Reasoning from respondent 8 on B1_governed_treasury.,
R008,B2_fee_burn,scenario_reasoning,Reasoning from respondent 8 on B2_fee_burn.,
R008,B4_zero_fee_valid,scenario_reasoning,Reasoning from respondent 8 on B4_zero_fee_valid.,
R008,B5_issuance_reward,scenario_reasoning,Reasoning from respondent 8 on B5_issuance_reward.,
R008,F1_missing_functions,open_question,Open answer 8 for F1_missing_functions.,
R008,F2_what_would_change,open_question,Open answer 8 for F2_what_would_change.,
R008,F3_unanswered,open_question,Open answer 8 for F3_unanswered.,
R008,F4_blind_exercise_problems,open_question,Cell note from respondent 8.,
R009,B1_governed_treasury,scenario_reasoning,Reasoning from respondent 9 on B1_governed_treasury.,
R009,B2_fee_burn,scenario_reasoning,Reasoning from respondent 9 on B2_fee_burn.,
R009,B3_paused_mechanism,scenario_reasoning,Reasoning from respondent 9 on B3_paused_mechanism.,
R009,B4_zero_fee_valid,scenario_reasoning,Reasoning from respondent 9 on B4_zero_fee_valid.,
R009,B6_immobilised_fees,scenario_reasoning,Reasoning from respondent 9 on B6_immobilised_fees.,
R009,F1_missing_functions,open_question,Open answer 9 for F1_missing_functions.,
R009,F4_blind_exercise_problems,open_question,Cell note from respondent 9.,
R010,B1_governed_treasury,scenario_reasoning,Reasoning from respondent 10 on B1_governed_treasury.,
R010,B2_fee_burn,scenario_reasoning,Reasoning from respondent 10 on B2_fee_burn.,
R010,B3_paused_mechanism,scenario_reasoning,Reasoning from respondent 10 on B3_paused_mechanism.,
R010,B4_zero_fee_valid,scenario_reasoning,Reasoning from respondent 10 on B4_zero_fee_valid.,
R010,B5_issuance_reward,scenario_reasoning,Reasoning from respondent 10 on B5_issuance_reward.,
R010,B6_immobilised_fees,scenario_reasoning,Reasoning from respondent 10 on B6_immobilised_fees.,
R010,F1_missing_functions,open_question,Open answer 10 for F1_missing_functions.,
R010,F3_unanswered,open_question,Open answer 10 for F3_unanswered.,
R010,F4_blind_exercise_problems,open_question,Cell note from respondent 10.,
R011,B1_governed_treasury,scenario_reasoning,Reasoning from respondent 11 on B1_governed_treasury.,
R011,B2_fee_burn,scenario_reasoning,Reasoning from respondent 11 on B2_fee_burn.,
R011,B3_paused_mechanism,scenario_reasoning,Reasoning from respondent 11 on B3_paused_mechanism.,
R011,B4_zero_fee_valid,scenario_reasoning,Reasoning from respondent 11 on B4_zero_fee_valid.,
R011,B6_immobilised_fees,scenario_reasoning,Reasoning from respondent 11 on B6_immobilised_fees.,
R011,F4_blind_exercise_problems,open_question,Cell note from respondent 11.,
