Timestamp,Email Address,Which best describes your role?,Years working with digital assets professionally,"How familiar are you with protocol-level mechanics such as fee burns, staking design and issuance schedules?",Do you make or advise on allocation decisions in digital assets?,"How much SHOULD each economic function matter to what a token is worth? [Monetary use — used as money, settlement or a store of value]",How much SHOULD each economic function matter to what a token is worth? [Fee requirement — you must spend it to use the network],How much SHOULD each economic function matter to what a token is worth? [Staking — locked or at risk to secure something],How much SHOULD each economic function matter to what a token is worth? [Burn — usage permanently destroys supply],How much SHOULD each economic function matter to what a token is worth? [Hard cap — a terminal supply limit that is very hard to change],How much SHOULD each economic function matter to what a token is worth? [Collateral — accepted as material collateral elsewhere],How much SHOULD each economic function matter to what a token is worth? [Governance — holding it gives real control],How much SHOULD each economic function matter to what a token is worth? [Revenue capture — protocol revenue mechanically reaches the token],How much SHOULD each economic function matter to what a token is worth? [Service utility — required to buy an identifiable service],How much SHOULD each economic function matter to what a token is worth? [Incentives — a programme subsidises usage or participation],Does the token capture value from that revenue?,Why? One line.,Does the token capture value from usage?,Why? One line.,"For a classification made today, is the mechanism active?",Why? One line.,Is the native token required in order to transact?,Why? One line.,"Is that value accruing to the token, or payment for a service?",Why? One line.,Is that economically equivalent to destroying them?,Why? One line.,"Is anything missing from that list of ten, or is anything on it redundant?","Should technical architecture be treated as part of a token’s economic profile, or kept separate as context?",At what point would you say an asset is materially used as collateral?,How long must a mechanism be live before you would count it in a classification?,"Should these functions be recorded as yes or no, or on a scale?","If evidence for a function is unavailable or ambiguous, what should the classification record?",What evidence would convince you a cryptoasset is genuinely used as money rather than merely traded?,Which would be most useful in your work?,"Suppose a classification told you an asset is monetary, collateral-eligible and supply-capped, with no revenue capture. What, if anything, would you do differently?",What would make you trust a classification produced by researchers rather than a data vendor?,Anything you would want this research to answer that it currently does not?,Litecoin — does it perform this function?,Dogecoin — does it perform this function?,Hedera (HBAR) — does it perform this function?,Chainlink (LINK) — does it perform this function?,Optimism (OP) — does it perform this function?,Stellar (XLM) — does it perform this function?,Cardano (ADA) — does it perform this function?,Solana (SOL) — does it perform this function?,Avalanche (AVAX) — does it perform this function?,TRON (TRX) — does it perform this function?,XRP — does it perform this function?,Zcash (ZEC) — does it perform this function?,"Any cell where the rule felt wrong, ambiguous, or impossible to apply? Tell us which and why."
2026/09/15 10:00:00,p000@example.invalid,Research or analytics,2 to 5,5,No,5 Decisive,3,3,3,4,3,1 Irrelevant,5 Decisive,3,1 Irrelevant,"Yes, this is value capture",Reasoning from respondent 0 on B1_governed_treasury.,"Yes, this is value capture",Reasoning from respondent 0 on B2_fee_burn.,Not active,,"Yes, required in substance",Reasoning from respondent 0 on B4_zero_fee_valid.,Value accruing to the token,Reasoning from respondent 0 on B5_issuance_reward.,Equivalent to destruction,,,Kept separate as context,Above 1% of its own market cap,90 days,It depends by function,Record it as unknown and exclude the asset from tests using it,"On-chain transfer value large relative to market cap, None of these are sufficient on their own",None of these,,Open code that regenerates every number,Open answer 0 for F3_unanswered.,No,Yes,No,Unknown,No,Yes,No,No,No,Yes,Unknown,Yes,Cell note from respondent 0.
2026/09/16 10:01:00,p001@example.invalid,Research or analytics,Over 8,3,Yes,5 Decisive,3,3,3,4,3,1 Irrelevant,5 Decisive,3,1 Irrelevant,"No, this is a governance right only",Reasoning from respondent 1 on B1_governed_treasury.,"Yes, this is value capture",Reasoning from respondent 1 on B2_fee_burn.,Not active,,"Yes, required in substance",Reasoning from respondent 1 on B4_zero_fee_valid.,Payment for a service rendered,,Equivalent to destruction,Reasoning from respondent 1 on B6_immobilised_fees.,,Part of the economic profile,Above 1% of its own market cap,30 days,Binary yes or no,Record a best estimate with a confidence flag,"Material remittance or cross-border corridor volume, None of these are sufficient on their own, Held as a reserve asset by institutions or treasuries","A model estimating risk profile — market sensitivity, drawdown, volatility — from its functions",Open answer 1 for F2_what_would_change.,"Named authors and institution, A second independent reviewer and a published agreement statistic",,Yes,Yes,Yes,Yes,Unknown,No,No,Yes,No,Yes,No,Yes,Cell note from respondent 1.
2026/09/17 10:02:00,p002@example.invalid,Asset or wealth management,Under 2,3,Yes,5 Decisive,3,3,3,4,3,1 Irrelevant,5 Decisive,3,1 Irrelevant,"No, this is a governance right only",Reasoning from respondent 2 on B1_governed_treasury.,"Yes, this is value capture",Reasoning from respondent 2 on B2_fee_burn.,Active,,"Yes, required in substance",,Payment for a service rendered,Reasoning from respondent 2 on B5_issuance_reward.,Equivalent to destruction,,Open answer 2 for F1_missing_functions.,Depends,Above 1% of its own market cap,30 days,It depends by function,Record it as unknown and exclude the asset from tests using it,"Material remittance or cross-border corridor volume, On-chain transfer value large relative to market cap",A screening tool that flags mismatches between price and function,,"Nothing would, I would use a vendor, Open code that regenerates every number",,Yes,No,Yes,Yes,Unknown,Unknown,Unknown,Yes,Yes,Unknown,Unknown,No,Cell note from respondent 2.
2026/09/18 10:03:00,p003@example.invalid,Research or analytics,5 to 8,4,No,5 Decisive,3,3,3,4,3,1 Irrelevant,5 Decisive,3,1 Irrelevant,"No, this is a governance right only",Reasoning from respondent 3 on B1_governed_treasury.,"Yes, this is value capture",Reasoning from respondent 3 on B2_fee_burn.,Not active,Reasoning from respondent 3 on B3_paused_mechanism.,"No, required only by convention",Reasoning from respondent 3 on B4_zero_fee_valid.,Payment for a service rendered,Reasoning from respondent 3 on B5_issuance_reward.,Not equivalent,Reasoning from respondent 3 on B6_immobilised_fees.,Open answer 3 for F1_missing_functions.,Kept separate as context,Above 1% of its own market cap,30 days,Binary yes or no,Record it as absent,"Material remittance or cross-border corridor volume, None of these are sufficient on their own","The classification itself, applied by me",Open answer 3 for F2_what_would_change.,A second independent reviewer and a published agreement statistic,Open answer 3 for F3_unanswered.,Yes,No,Yes,No,Unknown,Yes,Yes,No,Yes,No,Yes,Unknown,Cell note from respondent 3.
2026/09/19 10:04:00,p004@example.invalid,Financial advisory,Over 8,4,Yes,5 Decisive,3,3,3,4,3,1 Irrelevant,5 Decisive,3,1 Irrelevant,"Yes, this is value capture",,"Yes, this is value capture",Reasoning from respondent 4 on B2_fee_burn.,Not active,Reasoning from respondent 4 on B3_paused_mechanism.,"No, required only by convention",Reasoning from respondent 4 on B4_zero_fee_valid.,Payment for a service rendered,,Equivalent to destruction,,,Kept separate as context,Above 1% of its own market cap,180 days,"Three levels: none, partial, material",Record it as absent,"Merchant or payment acceptance at scale, Material remittance or cross-border corridor volume","The classification itself, applied by me",Open answer 4 for F2_what_would_change.,A track record of predictions,,Yes,Unknown,Unknown,Yes,Yes,Yes,Unknown,No,Yes,Yes,Unknown,No,Cell note from respondent 4.
2026/09/20 10:05:00,p005@example.invalid,Asset or wealth management,5 to 8,1,Yes,5 Decisive,3,3,3,4,3,1 Irrelevant,5 Decisive,3,1 Irrelevant,"No, this is a governance right only",,"Yes, this is value capture",Reasoning from respondent 5 on B2_fee_burn.,Not active,Reasoning from respondent 5 on B3_paused_mechanism.,"Yes, required in substance",Reasoning from respondent 5 on B4_zero_fee_valid.,Payment for a service rendered,,Equivalent to destruction,Reasoning from respondent 5 on B6_immobilised_fees.,,Part of the economic profile,Both a dollar floor and a percentage floor,"No minimum, count it from activation",It depends by function,Record it as absent,"Material remittance or cross-border corridor volume, Used as a unit of account for pricing, Held as a reserve asset by institutions or treasuries","A model estimating risk profile — market sensitivity, drawdown, volatility — from its functions",Open answer 5 for F2_what_would_change.,"Nothing would, I would use a vendor, Named authors and institution",,Unknown,Yes,No,Unknown,No,No,No,Yes,No,Yes,Yes,Yes,Cell note from respondent 5.
2026/09/21 10:06:00,p006@example.invalid,Asset or wealth management,5 to 8,4,Yes,5 Decisive,3,3,3,4,3,1 Irrelevant,5 Decisive,3,1 Irrelevant,"No, this is a governance right only",Reasoning from respondent 6 on B1_governed_treasury.,No,Reasoning from respondent 6 on B2_fee_burn.,Not active,Reasoning from respondent 6 on B3_paused_mechanism.,"Yes, required in substance",,Payment for a service rendered,Reasoning from respondent 6 on B5_issuance_reward.,Equivalent to destruction,Reasoning from respondent 6 on B6_immobilised_fees.,Open answer 6 for F1_missing_functions.,Kept separate as context,Above 5% of its own market cap,90 days,A continuous intensity score,Record a best estimate with a confidence flag,Sustained non-speculative transaction counts,"The classification itself, applied by me",Open answer 6 for F2_what_would_change.,A second independent reviewer and a published agreement statistic,,No,No,Yes,Yes,No,Unknown,Unknown,Yes,Yes,Yes,Yes,No,Cell note from respondent 6.
2026/09/22 10:07:00,p007@example.invalid,Research or analytics,5 to 8,5,No,5 Decisive,3,3,3,4,3,1 Irrelevant,5 Decisive,3,1 Irrelevant,"No, this is a governance right only",Reasoning from respondent 7 on B1_governed_treasury.,"Yes, this is value capture",,Not active,Reasoning from respondent 7 on B3_paused_mechanism.,"Yes, required in substance",,Payment for a service rendered,Reasoning from respondent 7 on B5_issuance_reward.,Not equivalent,,Open answer 7 for F1_missing_functions.,Part of the economic profile,Above USD 100m outstanding,"No minimum, count it from activation","Three levels: none, partial, material",Record it as absent,Sustained non-speculative transaction counts,A screening tool that flags mismatches between price and function,Open answer 7 for F2_what_would_change.,"A track record of predictions, A second independent reviewer and a published agreement statistic, Named authors and institution",,Yes,Yes,Yes,No,Yes,Yes,No,No,No,Yes,Unknown,Yes,Cell note from respondent 7.
2026/09/23 10:08:00,p008@example.invalid,Financial advisory,2 to 5,1,Yes,5 Decisive,3,3,3,4,3,1 Irrelevant,5 Decisive,3,1 Irrelevant,"No, this is a governance right only",Reasoning from respondent 8 on B1_governed_treasury.,No,Reasoning from respondent 8 on B2_fee_burn.,Not active,Reasoning from respondent 8 on B3_paused_mechanism.,"Yes, required in substance",Reasoning from respondent 8 on B4_zero_fee_valid.,Value accruing to the token,,Equivalent to destruction,Reasoning from respondent 8 on B6_immobilised_fees.,Open answer 8 for F1_missing_functions.,Kept separate as context,Both a dollar floor and a percentage floor,30 days,Binary yes or no,Record it as unknown and exclude the asset from tests using it,Merchant or payment acceptance at scale,"A model estimating risk profile — market sensitivity, drawdown, volatility — from its functions",,"Open code that regenerates every number, Primary sources cited for every decision, Nothing would, I would use a vendor",,Unknown,Yes,Yes,Yes,Unknown,Unknown,Yes,No,Yes,No,No,No,Cell note from respondent 8.
2026/09/24 10:09:00,p009@example.invalid,Research or analytics,2 to 5,1,Yes,5 Decisive,3,3,3,4,3,1 Irrelevant,5 Decisive,3,1 Irrelevant,"No, this is a governance right only",Reasoning from respondent 9 on B1_governed_treasury.,"Yes, this is value capture",Reasoning from respondent 9 on B2_fee_burn.,Active,Reasoning from respondent 9 on B3_paused_mechanism.,"Yes, required in substance",Reasoning from respondent 9 on B4_zero_fee_valid.,Payment for a service rendered,,Equivalent to destruction,Reasoning from respondent 9 on B6_immobilised_fees.,,Part of the economic profile,Both a dollar floor and a percentage floor,30 days,A continuous intensity score,Record a best estimate with a confidence flag,"None of these are sufficient on their own, Held as a reserve asset by institutions or treasuries, Material remittance or cross-border corridor volume","The classification itself, applied by me",,"Named authors and institution, Primary sources cited for every decision, Published rules",,Unknown,Unknown,No,Yes,No,Unknown,Yes,Unknown,No,No,No,Yes,Cell note from respondent 9.
2026/09/15 10:10:00,p010@example.invalid,Financial advisory,Under 2,4,Yes,5 Decisive,3,3,3,4,3,1 Irrelevant,5 Decisive,3,1 Irrelevant,"No, this is a governance right only",,"Yes, this is value capture",Reasoning from respondent 10 on B2_fee_burn.,Not active,,"Yes, required in substance",,Payment for a service rendered,,Equivalent to destruction,,Open answer 10 for F1_missing_functions.,Part of the economic profile,Above 1% of its own market cap,90 days,A continuous intensity score,Record it as unknown and exclude the asset from tests using it,"On-chain transfer value large relative to market cap, Sustained non-speculative transaction counts",A screening tool that flags mismatches between price and function,,"Published rules, Primary sources cited for every decision, A track record of predictions",Open answer 10 for F3_unanswered.,No,Yes,Yes,Yes,No,No,Yes,No,Yes,Yes,No,Yes,Cell note from respondent 10.
2026/09/16 10:11:00,p011@example.invalid,Financial advisory,Under 2,3,Yes,5 Decisive,3,3,3,4,3,1 Irrelevant,5 Decisive,3,1 Irrelevant,"No, this is a governance right only",Reasoning from respondent 11 on B1_governed_treasury.,"Yes, this is value capture",Reasoning from respondent 11 on B2_fee_burn.,Not active,,"Yes, required in substance",,Payment for a service rendered,Reasoning from respondent 11 on B5_issuance_reward.,Equivalent to destruction,Reasoning from respondent 11 on B6_immobilised_fees.,Open answer 11 for F1_missing_functions.,Depends,Above 1% of its own market cap,90 days,It depends by function,Record it as absent,"Material remittance or cross-border corridor volume, Used as a unit of account for pricing, Held as a reserve asset by institutions or treasuries",A model estimating fair value from a token’s functions,,"Named authors and institution, A second independent reviewer and a published agreement statistic, Nothing would, I would use a vendor",Open answer 11 for F3_unanswered.,Unknown,Unknown,Yes,No,Yes,Yes,Yes,Unknown,No,Yes,Unknown,Yes,Cell note from respondent 11.
