asset_id,pair,quote_asset,status
crypto_btc,BTCUSDT,USDT,resolved
crypto_eth,ETHUSDT,USDT,resolved
crypto_bnb,BNBUSDT,USDT,resolved
crypto_xrp,XRPUSDT,USDT,resolved
crypto_sol,SOLUSDT,USDT,resolved
crypto_trx,TRXUSDT,USDT,resolved
crypto_hype,,,no_active_supported_quote_pair
crypto_doge,DOGEUSDT,USDT,resolved
crypto_zec,ZECUSDT,USDT,resolved
crypto_link,LINKUSDT,USDT,resolved
crypto_ada,ADAUSDT,USDT,resolved
crypto_xmr,XMRUSDT,USDT,resolved
crypto_xlm,XLMUSDT,USDT,resolved
crypto_bch,BCHUSDT,USDT,resolved
crypto_ltc,LTCUSDT,USDT,resolved
crypto_hbar,HBARUSDT,USDT,resolved
crypto_sui,SUIUSDT,USDT,resolved
crypto_avax,AVAXUSDT,USDT,resolved
crypto_ton,TONUSDT,USDT,resolved
crypto_tao,TAOUSDT,USDT,resolved
crypto_uni,UNIUSDT,USDT,resolved
crypto_aave,AAVEUSDT,USDT,resolved
crypto_arb,ARBUSDT,USDT,resolved
crypto_op,OPUSDT,USDT,resolved
crypto_pol,POLUSDT,USDT,resolved
