asset_id,date,price_usd,market_cap_usd,volume_24h_usd
crypto_btc,2026-07-24,64105.63293853278,1286012653161.737,27140682145.888832
crypto_btc,2026-07-25,64358.53130902422,1291113551601.1318,14597215465.91335
crypto_btc,2026-07-26,65378.23573167701,1311598944047.5989,14341488589.530172
crypto_btc,2026-07-27,63688.83007679981,1277734862325.2693,25301599545.327152
crypto_btc,2026-07-28,63687.655438800226,1277736771623.7014,24752859942.023052
crypto_btc,2026-07-29,63860.43080142241,1281228374705.6746,28732030255.47964
crypto_btc,2026-07-30,64804.03359579297,1300191839807.1765,26280045813.369293
crypto_btc,2026-07-31,62904.76801135175,1262118497569.969,29954049421.690163
crypto_btc,2026-08-01,62798.371687645726,1260014160824.4663,13861937368.362114
crypto_btc,2026-08-02,63370.5926477435,1271524984641.2644,15644607016.967651
crypto_btc,2026-08-03,63529.22132074381,1274736632791.1787,25439733690.603394
crypto_btc,2026-08-04,64188.28739863225,1287991327120.3845,22738327462.732796
crypto_btc,2026-08-05,64547.73147140265,1295231884854.0056,23653905310.625343
crypto_btc,2026-08-06,64293.67097630038,1290160392919.3655,18643004230.16396
crypto_btc,2026-08-07,64850.57161796412,1301367964059.4338,21651324840.14768
crypto_btc,2026-08-08,64900.20001118449,1302391837846.246,12481350562.766453
crypto_btc,2026-08-09,65006.42677020397,1304551767700.8044,12721134271.933964
crypto_btc,2026-08-10,63951.457898733985,1283409832840.743,20852828639.804516
crypto_btc,2026-08-11,63560.37912438471,1275587846015.051,20111333031.988823
crypto_btc,2026-08-12,63369.41905225762,1271783240364.6836,21501971545.207054
crypto_btc,2026-08-13,63452.960207765675,1273487776607.094,19119403556.78323
crypto_btc,2026-08-14,62833.64460856291,1261085950366.696,20169131097.18697
crypto_btc,2026-08-15,63075.67381531628,1265973115672.0898,10677661537.712992
crypto_btc,2026-08-16,62914.43626043764,1262767603926.1333,9489297684.784973
crypto_btc,2026-08-17,64242.997667364194,1289454484054.4585,21402559159.434776
crypto_btc,2026-08-18,64632.5654552565,1297273700921.3591,18312872031.808098
crypto_btc,2026-08-19,69223.87225344004,1389428197964.6223,42903816743.341965
crypto_btc,2026-08-20,72686.9790165157,1458938007695.6172,54226303820.60421
crypto_btc,2026-08-21,78407.24591448993,1573752447703.111,71517714092.23145
crypto_btc,2026-08-22,76854.12177327243,1542578888546.4294,38310195309.01815
