asset_id,provider,provider_id,start_date,end_date,expected_days,observed_days,price_days,market_cap_days,volume_days,coverage_ratio,price_coverage_ratio,longest_missing_run_days,status
crypto_aave,coinpaprika,aave-new,2025-08-25,2026-08-22,363,362,362,362,362,0.9972451790633609,0.9972451790633609,1,pass
crypto_ada,coinpaprika,ada-cardano,2025-08-25,2026-08-22,363,362,362,362,362,0.9972451790633609,0.9972451790633609,1,pass
crypto_arb,coinpaprika,arb-arbitrum,2025-08-25,2026-08-22,363,362,362,362,362,0.9972451790633609,0.9972451790633609,1,pass
crypto_avax,coinpaprika,avax-avalanche,2025-08-25,2026-08-22,363,362,362,362,362,0.9972451790633609,0.9972451790633609,1,pass
crypto_bch,coinpaprika,bch-bitcoin-cash,2025-08-25,2026-08-22,363,362,362,362,362,0.9972451790633609,0.9972451790633609,1,pass
crypto_bnb,coinpaprika,bnb-binance-coin,2025-08-25,2026-08-22,363,362,362,362,362,0.9972451790633609,0.9972451790633609,1,pass
crypto_btc,coinpaprika,btc-bitcoin,2025-08-25,2026-08-22,363,362,362,362,362,0.9972451790633609,0.9972451790633609,1,pass
crypto_doge,coinpaprika,doge-dogecoin,2025-08-25,2026-08-22,363,362,362,362,362,0.9972451790633609,0.9972451790633609,1,pass
crypto_eth,coinpaprika,eth-ethereum,2025-08-25,2026-08-22,363,362,362,362,362,0.9972451790633609,0.9972451790633609,1,pass
crypto_hbar,coinpaprika,hbar-hedera-hashgraph,2025-08-25,2026-08-22,363,362,362,362,362,0.9972451790633609,0.9972451790633609,1,pass
crypto_hype,coinpaprika,hype-hyperliquid,2025-08-25,2026-08-22,363,362,362,362,362,0.9972451790633609,0.9972451790633609,1,pass
crypto_link,coinpaprika,link-chainlink,2025-08-25,2026-08-22,363,362,362,362,362,0.9972451790633609,0.9972451790633609,1,pass
crypto_ltc,coinpaprika,ltc-litecoin,2025-08-25,2026-08-22,363,362,362,362,362,0.9972451790633609,0.9972451790633609,1,pass
crypto_op,coinpaprika,op-optimism,2025-08-25,2026-08-22,363,362,362,362,362,0.9972451790633609,0.9972451790633609,1,pass
crypto_pol,coinpaprika,pol-polygon-ecosystem-token,2025-08-25,2026-08-22,363,362,362,362,362,0.9972451790633609,0.9972451790633609,1,pass
crypto_sol,coinpaprika,sol-solana,2025-08-25,2026-08-22,363,362,362,362,362,0.9972451790633609,0.9972451790633609,1,pass
crypto_sui,coinpaprika,sui-sui,2025-08-25,2026-08-22,363,362,362,362,362,0.9972451790633609,0.9972451790633609,1,pass
crypto_tao,coinpaprika,tao-bittensor,2025-08-25,2026-08-22,363,362,362,362,362,0.9972451790633609,0.9972451790633609,1,pass
crypto_trx,coinpaprika,trx-tron,2025-08-25,2026-08-22,363,362,362,362,362,0.9972451790633609,0.9972451790633609,1,pass
crypto_uni,coinpaprika,uni-uniswap,2025-08-25,2026-08-22,363,362,362,362,362,0.9972451790633609,0.9972451790633609,1,pass
crypto_xlm,coinpaprika,xlm-stellar,2025-08-25,2026-08-22,363,362,362,362,362,0.9972451790633609,0.9972451790633609,1,pass
crypto_xmr,coinpaprika,xmr-monero,2025-08-25,2026-08-22,363,362,362,362,362,0.9972451790633609,0.9972451790633609,1,pass
crypto_xrp,coinpaprika,xrp-xrp,2025-08-25,2026-08-22,363,362,362,362,362,0.9972451790633609,0.9972451790633609,1,pass
crypto_zec,coinpaprika,zec-zcash,2025-08-25,2026-08-22,363,362,362,362,362,0.9972451790633609,0.9972451790633609,1,pass
stable_dai,coinpaprika,dai-dai,2025-08-25,2026-08-22,363,362,362,362,362,0.9972451790633609,0.9972451790633609,1,pass
stable_fdusd,coinpaprika,fdusd-first-digital-usd,2025-08-25,2026-08-22,363,362,362,362,362,0.9972451790633609,0.9972451790633609,1,pass
stable_frax,coinpaprika,frax-frax,2025-08-25,2026-08-22,363,362,362,362,362,0.9972451790633609,0.9972451790633609,1,pass
stable_gho,coinpaprika,gho-gho,2025-08-25,2026-08-22,363,362,362,362,362,0.9972451790633609,0.9972451790633609,1,pass
stable_paxg,coinpaprika,paxg-pax-gold,2025-08-25,2026-08-22,363,362,362,362,362,0.9972451790633609,0.9972451790633609,1,pass
stable_pyusd,coinpaprika,pyusd-paypal-usd,2025-08-25,2026-08-22,363,362,362,362,362,0.9972451790633609,0.9972451790633609,1,pass
stable_rlusd,coinpaprika,rlusd-ripple-usd,2025-08-25,2026-08-22,363,362,362,362,362,0.9972451790633609,0.9972451790633609,1,pass
stable_tusd,coinpaprika,tusd-trueusd,2025-08-25,2026-08-22,363,362,362,362,362,0.9972451790633609,0.9972451790633609,1,pass
stable_usd1,coinpaprika,usd1-usd1,2025-08-25,2026-08-22,363,362,362,362,362,0.9972451790633609,0.9972451790633609,1,pass
stable_usdc,coinpaprika,usdc-usd-coin,2025-08-25,2026-08-22,363,362,362,362,362,0.9972451790633609,0.9972451790633609,1,pass
stable_usdd,coinpaprika,usdd-usdd,2025-08-25,2026-08-22,363,362,362,362,362,0.9972451790633609,0.9972451790633609,1,pass
stable_usde,coinpaprika,usde-ethena-usde,2025-08-25,2026-08-22,363,362,362,362,362,0.9972451790633609,0.9972451790633609,1,pass
stable_usdg,coinpaprika,usdg-global-dollar,2025-08-25,2026-08-22,363,362,362,362,362,0.9972451790633609,0.9972451790633609,1,pass
stable_usds,coinpaprika,usds-usds,2025-08-25,2026-08-22,363,362,362,362,362,0.9972451790633609,0.9972451790633609,1,pass
stable_usdt,coinpaprika,usdt-tether,2025-08-25,2026-08-22,363,362,362,362,362,0.9972451790633609,0.9972451790633609,1,pass
stable_ustc,coinpaprika,ust-terrausd,2025-08-25,2026-08-22,363,362,362,362,362,0.9972451790633609,0.9972451790633609,1,pass
